employer_id,full_name,phone,email,employer_type,verification_status,location_id,created_at,updated_at
1,suleman,9886874454,suleman941@gmail.com,Individual,Verified,284,2025-09-09,2025-09-09
2,vineeta,9098039202,vineeta728@gmail.com,Individual,Verified,759,2025-01-17,2025-01-17
3,rajvi,7502860904,rajvi238@gmail.com,Business,Verified,583,2025-08-10,2025-08-10
4,shanah,6178533509,shanah593@gmail.com,Individual,Verified,361,2025-05-21,2025-05-21
5,shankarlal,9079387375,shankarlal157@gmail.com,Individual,Pending,770,2025-01-02,2025-01-02
6,jhagdoo,9810455853,jhagdoo924@gmail.com,Individual,Pending,341,2025-08-07,2025-08-07
7,rajeet,7082406788,rajeet187@gmail.com,Business,Pending,615,2025-03-25,2025-03-25
8,kokil,7743415416,kokil649@gmail.com,Business,Verified,323,2025-10-13,2025-10-13
9,jaibhagwan,6935099431,jaibhagwan521@gmail.com,Individual,Verified,356,2025-11-16,2025-11-16
10,vipol,9670379396,vipol957@gmail.com,Business,Pending,328,2025-11-01,2025-11-01
11,sukhavinder,8222059804,sukhavinder825@gmail.com,Individual,Verified,476,2025-01-05,2025-01-05
12,aslam,8814927320,aslam733@gmail.com,Individual,Pending,164,2025-02-20,2025-02-20
13,daya,9139535164,daya614@gmail.com,Individual,Verified,150,2025-08-03,2025-08-03
14,roopa,9593514760,roopa668@gmail.com,Individual,Verified,558,2025-01-28,2025-01-28
15,priyansu,6052036981,priyansu591@gmail.com,Individual,Verified,350,2025-11-06,2025-11-06
16,sunita,9387053754,sunita197@gmail.com,Household,Verified,566,2025-01-09,2025-01-09
17,chhagana,6230442151,chhagana822@gmail.com,Individual,Verified,216,2025-03-15,2025-03-15
18,edris,6531856918,edris219@gmail.com,Business,Verified,672,2025-10-07,2025-10-07
19,mahfooz,8409559900,mahfooz675@gmail.com,Individual,Pending,547,2025-10-27,2025-10-27
20,liladevi,7601656913,liladevi563@gmail.com,Individual,Verified,694,2025-05-20,2025-05-20
21,mansi,8027852150,mansi330@gmail.com,Household,Verified,74,2025-01-27,2025-01-27
22,sohanpal,8070569550,sohanpal871@gmail.com,Individual,Verified,608,2025-09-03,2025-09-03
23,rozina,9624603570,rozina286@gmail.com,Individual,Verified,526,2025-11-14,2025-11-14
24,udaiy,8493568583,udaiy725@gmail.com,Individual,Verified,654,2025-04-10,2025-04-10
25,priyaki,9343801341,priyaki728@gmail.com,Business,Verified,62,2025-03-12,2025-03-12
26,raman,6404073544,raman394@gmail.com,Individual,Verified,14,2025-02-28,2025-02-28
27,khima,8666730244,khima651@gmail.com,Business,Pending,429,2025-07-08,2025-07-08
28,ajad,9981245480,ajad367@gmail.com,Individual,Verified,540,2025-08-28,2025-08-28
29,aashik,8579293709,aashik122@gmail.com,Household,Verified,183,2025-06-29,2025-06-29
30,asruddin,6657555374,asruddin254@gmail.com,Business,Verified,391,2025-08-22,2025-08-22
31,manikchand,9494931123,manikchand766@gmail.com,Business,Verified,336,2025-01-13,2025-01-13
32,sangeeta,8380057468,sangeeta181@gmail.com,Individual,Verified,460,2025-08-13,2025-08-13
33,goldi,7921657527,goldi676@gmail.com,Household,Verified,21,2025-01-12,2025-01-12
34,pratap,7512569956,pratap927@gmail.com,Individual,Verified,375,2025-01-26,2025-01-26
35,mammta,6446457852,mammta164@gmail.com,Household,Verified,781,2025-09-25,2025-09-25
36,darshana,6863369336,darshana523@gmail.com,Individual,Verified,644,2025-12-30,2025-12-30
37,chhatar,9460859705,chhatar601@gmail.com,Business,Pending,278,2025-02-28,2025-02-28
38,pawansingh,6013095950,pawansingh435@gmail.com,Individual,Verified,727,2025-02-28,2025-02-28
39,jitender,9125602490,jitender348@gmail.com,Individual,Verified,714,2025-03-01,2025-03-01
40,aashiya,8623588529,aashiya696@gmail.com,Individual,Verified,722,2025-04-22,2025-04-22
41,samer,7111599922,samer820@gmail.com,Household,Verified,192,2025-11-09,2025-11-09
42,jagjiwan,9734550481,jagjiwan615@gmail.com,Individual,Verified,277,2025-08-26,2025-08-26
43,juvel,8121865848,juvel152@gmail.com,Individual,Verified,524,2025-12-23,2025-12-23
44,bobi,7477312186,bobi263@gmail.com,Individual,Verified,303,2025-02-09,2025-02-09
45,randheer,8838856648,randheer813@gmail.com,Business,Pending,170,2025-11-18,2025-11-18
46,umar,8800818840,umar480@gmail.com,Household,Verified,134,2025-10-16,2025-10-16
47,uday,9145332588,uday478@gmail.com,Household,Verified,733,2025-03-06,2025-03-06
48,monika,9578306818,monika813@gmail.com,Individual,Verified,272,2025-03-30,2025-03-30
49,pyari,9504951675,pyari244@gmail.com,Individual,Verified,273,2025-10-27,2025-10-27
50,ashok,8361158896,ashok745@gmail.com,Household,Verified,32,2025-03-16,2025-03-16
51,ankur,8300953470,ankur788@gmail.com,Household,Verified,300,2025-07-26,2025-07-26
52,sukhbeer,6524163867,sukhbeer548@gmail.com,Individual,Verified,601,2025-12-31,2025-12-31
53,jagat,7511706146,jagat938@gmail.com,Individual,Pending,757,2025-08-17,2025-08-17
54,wahid,8348064012,wahid679@gmail.com,Business,Verified,152,2025-01-06,2025-01-06
55,premchand,9056237868,premchand805@gmail.com,Individual,Verified,717,2025-04-29,2025-04-29
56,girdhari,7052447609,girdhari682@gmail.com,Business,Pending,333,2025-08-19,2025-08-19
57,dhurve,9335399004,dhurve985@gmail.com,Individual,Verified,590,2025-09-13,2025-09-13
58,peena,8335816040,peena324@gmail.com,Individual,Verified,21,2025-06-24,2025-06-24
59,chandeshwar,6735502232,chandeshwar851@gmail.com,Individual,Pending,739,2025-07-02,2025-07-02
60,amarvesh,8075414845,amarvesh214@gmail.com,Household,Verified,79,2025-02-19,2025-02-19
61,fakrrudeen,9856443008,fakrrudeen899@gmail.com,Household,Verified,631,2025-11-19,2025-11-19
62,aamosh,9886786002,aamosh398@gmail.com,Individual,Verified,96,2025-12-17,2025-12-17
63,hajrati,9998074531,hajrati396@gmail.com,Individual,Pending,49,2025-05-28,2025-05-28
64,bhanmati,9701687082,bhanmati854@gmail.com,Individual,Verified,612,2025-06-12,2025-06-12
65,ritika,6793253532,ritika768@gmail.com,Individual,Verified,438,2025-06-09,2025-06-09
66,nensi,9713771825,nensi235@gmail.com,Business,Verified,459,2025-06-09,2025-06-09
67,samundri,8537846524,samundri608@gmail.com,Individual,Verified,391,2025-04-05,2025-04-05
68,onginye,9776638240,onginye376@gmail.com,Individual,Pending,247,2025-03-15,2025-03-15
69,rajnesh,6279927796,rajnesh857@gmail.com,Individual,Verified,534,2025-05-16,2025-05-16
70,baam,6002683456,baam328@gmail.com,Business,Verified,82,2025-03-09,2025-03-09
71,shayma,9700487119,shayma285@gmail.com,Individual,Verified,20,2025-05-03,2025-05-03
72,shrikant,8962654110,shrikant516@gmail.com,Business,Verified,30,2025-03-30,2025-03-30
73,pushank,7266243213,pushank489@gmail.com,Individual,Verified,509,2025-03-09,2025-03-09
74,kapiil,6225013894,kapiil951@gmail.com,Individual,Verified,666,2025-08-13,2025-08-13
75,navendra,8642351442,navendra257@gmail.com,Individual,Pending,687,2025-08-24,2025-08-24
76,chotti,7798808085,chotti655@gmail.com,Household,Pending,656,2025-11-25,2025-11-25
77,gulshan,9316807076,gulshan641@gmail.com,Individual,Pending,223,2025-01-22,2025-01-22
78,chajju,8797847443,chajju457@gmail.com,Individual,Verified,13,2025-04-01,2025-04-01
79,mamata,9184568193,mamata820@gmail.com,Household,Pending,780,2025-11-28,2025-11-28
80,akkash,8547065982,akkash604@gmail.com,Household,Verified,470,2025-04-26,2025-04-26
81,hayatul,9702136925,hayatul695@gmail.com,Business,Verified,335,2025-09-06,2025-09-06
82,anamol,6339348439,anamol799@gmail.com,Household,Verified,85,2025-04-26,2025-04-26
83,goruav,8581570000,goruav606@gmail.com,Individual,Verified,268,2025-08-22,2025-08-22
84,dhrampal,7282035796,dhrampal811@gmail.com,Individual,Verified,588,2025-04-15,2025-04-15
85,tabassum,7813207817,tabassum719@gmail.com,Business,Verified,230,2025-11-25,2025-11-25
86,shidharth,8538349575,shidharth686@gmail.com,Individual,Verified,380,2025-04-16,2025-04-16
87,rosy,6103983063,rosy232@gmail.com,Individual,Verified,644,2025-05-30,2025-05-30
88,abhaki,7816054745,abhaki150@gmail.com,Individual,Verified,54,2025-09-03,2025-09-03
89,purnmal,9604262302,purnmal533@gmail.com,Business,Pending,427,2025-06-28,2025-06-28
90,heeralal,6835756130,heeralal402@gmail.com,Individual,Verified,245,2025-05-28,2025-05-28
91,reeta,9340161075,reeta562@gmail.com,Individual,Verified,158,2025-09-13,2025-09-13
92,dhirpal,9241441541,dhirpal376@gmail.com,Business,Verified,403,2025-04-03,2025-04-03
93,bhagvati,6377725266,bhagvati503@gmail.com,Individual,Verified,645,2025-01-07,2025-01-07
94,sonia,8495954694,sonia797@gmail.com,Household,Verified,389,2025-10-14,2025-10-14
95,abhash,7107029408,abhash474@gmail.com,Individual,Pending,466,2025-06-02,2025-06-02
96,akhileshwer,9605747189,akhileshwer189@gmail.com,Individual,Verified,45,2025-06-20,2025-06-20
97,meenat,7939114218,meenat420@gmail.com,Household,Pending,508,2025-01-16,2025-01-16
98,jhaban,7991361782,jhaban352@gmail.com,Household,Verified,784,2025-03-01,2025-03-01
99,satyapal,8012916253,satyapal492@gmail.com,Individual,Verified,455,2025-05-19,2025-05-19
100,kalua,9982987871,kalua500@gmail.com,Business,Verified,321,2025-08-30,2025-08-30
101,tarunnam,8310779097,tarunnam221@gmail.com,Business,Verified,563,2025-03-06,2025-03-06
102,mehak,9764602355,mehak521@gmail.com,Individual,Pending,621,2025-02-09,2025-02-09
103,maya,6532273349,maya423@gmail.com,Household,Pending,610,2025-11-02,2025-11-02
104,mana,9729989393,mana399@gmail.com,Household,Verified,556,2025-07-29,2025-07-29
105,chaturbhuj,7861099356,chaturbhuj309@gmail.com,Business,Verified,759,2025-05-04,2025-05-04
106,munnu,9220018190,munnu806@gmail.com,Individual,Verified,328,2025-08-06,2025-08-06
107,diwansi,7381036066,diwansi942@gmail.com,Household,Verified,462,2025-06-23,2025-06-23
108,tak,7982031489,tak123@gmail.com,Household,Verified,87,2025-03-30,2025-03-30
109,mema,9263825389,mema780@gmail.com,Individual,Verified,624,2025-11-04,2025-11-04
110,talvender,6016147704,talvender410@gmail.com,Individual,Verified,765,2025-08-26,2025-08-26
111,jasim,9291572751,jasim131@gmail.com,Individual,Verified,259,2025-01-07,2025-01-07
112,susmita,7152617553,susmita125@gmail.com,Individual,Verified,621,2025-08-05,2025-08-05
113,boby,6323621923,boby864@gmail.com,Individual,Verified,489,2025-04-29,2025-04-29
114,bacche,6785260491,bacche834@gmail.com,Household,Verified,684,2025-03-06,2025-03-06
115,husno,6483325600,husno311@gmail.com,Household,Verified,341,2025-07-16,2025-07-16
116,gaitri,8130270630,gaitri543@gmail.com,Individual,Verified,78,2025-02-15,2025-02-15
117,harsh,7497375047,harsh430@gmail.com,Individual,Verified,58,2025-12-04,2025-12-04
118,nikhil,7001876002,nikhil445@gmail.com,Individual,Verified,627,2025-06-25,2025-06-25
119,asrani,8688904950,asrani409@gmail.com,Individual,Verified,76,2025-10-26,2025-10-26
120,khushi,7513337212,khushi140@gmail.com,Business,Verified,202,2025-02-17,2025-02-17
121,anjrej,7042832600,anjrej516@gmail.com,Individual,Verified,122,2025-03-05,2025-03-05
122,shashid,7887495098,shashid433@gmail.com,Individual,Verified,626,2025-07-17,2025-07-17
123,babali,9882382491,babali403@gmail.com,Household,Pending,490,2025-03-09,2025-03-09
124,jawed,7776654310,jawed619@gmail.com,Individual,Verified,137,2025-07-07,2025-07-07
125,santi,6020187764,santi527@gmail.com,Household,Verified,350,2025-01-12,2025-01-12
126,shishram,6452021562,shishram129@gmail.com,Individual,Verified,80,2025-02-19,2025-02-19
127,maisan,6984850001,maisan447@gmail.com,Individual,Verified,188,2025-02-17,2025-02-17
128,papuu,8024804525,papuu169@gmail.com,Household,Verified,778,2025-10-26,2025-10-26
129,kushmita,8271387901,kushmita688@gmail.com,Individual,Pending,340,2025-07-16,2025-07-16
130,alseepa,7610118339,alseepa934@gmail.com,Individual,Verified,490,2025-02-09,2025-02-09
131,samiya,9853627148,samiya411@gmail.com,Individual,Verified,334,2025-10-07,2025-10-07
132,mursida,8434503586,mursida201@gmail.com,Individual,Verified,257,2025-04-08,2025-04-08
133,ritunjay,7384608071,ritunjay323@gmail.com,Individual,Pending,584,2025-01-21,2025-01-21
134,kirti,9501965398,kirti758@gmail.com,Household,Verified,299,2025-09-11,2025-09-11
135,aarif,7424292574,aarif485@gmail.com,Business,Verified,432,2025-02-18,2025-02-18
136,bajrang,6194427375,bajrang244@gmail.com,Individual,Pending,98,2025-05-13,2025-05-13
137,ravindera,9047343587,ravindera970@gmail.com,Household,Pending,752,2025-07-24,2025-07-24
138,surjiya,9861227027,surjiya851@gmail.com,Individual,Pending,494,2025-02-12,2025-02-12
139,jamshed,6969927429,jamshed527@gmail.com,Household,Verified,781,2025-11-08,2025-11-08
140,rihal,8774088073,rihal406@gmail.com,Individual,Verified,302,2025-03-31,2025-03-31
141,naushad,8163770322,naushad788@gmail.com,Individual,Pending,105,2025-10-25,2025-10-25
142,deewan,6748012748,deewan830@gmail.com,Individual,Verified,132,2025-08-03,2025-08-03
143,girishi,9909903904,girishi867@gmail.com,Individual,Verified,527,2025-09-12,2025-09-12
144,ranbir,9996085549,ranbir995@gmail.com,Household,Verified,226,2025-04-29,2025-04-29
145,mukeemuddin,8278740461,mukeemuddin960@gmail.com,Individual,Verified,205,2025-05-15,2025-05-15
146,tahira,7268650593,tahira495@gmail.com,Household,Verified,601,2025-06-05,2025-06-05
147,harak,9491393429,harak742@gmail.com,Household,Pending,729,2025-02-09,2025-02-09
148,ompati,7266115399,ompati274@gmail.com,Household,Verified,565,2025-08-10,2025-08-10
149,balalia,6495991390,balalia475@gmail.com,Business,Verified,254,2025-08-12,2025-08-12
150,jincy,7404812579,jincy239@gmail.com,Household,Verified,712,2025-10-25,2025-10-25
151,ishwer,7143930301,ishwer987@gmail.com,Individual,Verified,189,2025-12-30,2025-12-30
152,saranjeet,7658242035,saranjeet606@gmail.com,Individual,Verified,762,2025-11-25,2025-11-25
153,depali,9426256712,depali267@gmail.com,Business,Verified,543,2025-03-15,2025-03-15
154,mahroj,8062417289,mahroj909@gmail.com,Individual,Verified,483,2025-12-17,2025-12-17
155,gawri,7503976840,gawri421@gmail.com,Individual,Verified,703,2025-12-25,2025-12-25
156,soheb,6562861788,soheb193@gmail.com,Individual,Verified,54,2025-01-12,2025-01-12
157,jaspreet,8073681528,jaspreet181@gmail.com,Business,Verified,402,2025-06-06,2025-06-06
158,paramveer,6313283336,paramveer337@gmail.com,Individual,Verified,110,2025-02-08,2025-02-08
159,any,7608519096,any165@gmail.com,Individual,Verified,387,2025-03-29,2025-03-29
160,methun,7097870928,methun219@gmail.com,Individual,Verified,584,2025-08-04,2025-08-04
161,lakshaya,6789248427,lakshaya405@gmail.com,Individual,Verified,372,2025-09-23,2025-09-23
162,sharmistha,8469378449,sharmistha956@gmail.com,Business,Verified,673,2025-03-06,2025-03-06
163,sarfraj,7488661744,sarfraj119@gmail.com,Individual,Verified,546,2025-06-12,2025-06-12
164,shami,9511567884,shami941@gmail.com,Individual,Verified,631,2025-11-15,2025-11-15
165,shulal,7662873227,shulal712@gmail.com,Individual,Pending,288,2025-07-27,2025-07-27
166,purva,7573742056,purva311@gmail.com,Individual,Verified,689,2025-02-06,2025-02-06
167,asfaq,7780736971,asfaq982@gmail.com,Individual,Verified,403,2025-08-04,2025-08-04
168,barham,8005340779,barham350@gmail.com,Household,Verified,624,2025-05-13,2025-05-13
169,suraja,9464460966,suraja438@gmail.com,Individual,Verified,675,2025-06-05,2025-06-05
170,javade,9896469992,javade360@gmail.com,Business,Verified,413,2025-09-20,2025-09-20
171,baidnath,9395144994,baidnath672@gmail.com,Individual,Verified,430,2025-01-30,2025-01-30
172,girija,6024286728,girija274@gmail.com,Individual,Verified,728,2025-07-23,2025-07-23
173,bhaddal,9059115824,bhaddal439@gmail.com,Business,Verified,129,2025-05-17,2025-05-17
174,chand,8380972644,chand981@gmail.com,Individual,Verified,180,2025-06-22,2025-06-22
175,palvinder,8569017407,palvinder843@gmail.com,Individual,Pending,231,2025-04-12,2025-04-12
176,anubhav,6579082931,anubhav882@gmail.com,Individual,Verified,153,2025-08-30,2025-08-30
177,diti,8733017089,diti411@gmail.com,Individual,Verified,595,2025-03-30,2025-03-30
178,gulafsa,9209927475,gulafsa798@gmail.com,Individual,Verified,303,2025-12-27,2025-12-27
179,serul,6404282506,serul997@gmail.com,Individual,Verified,704,2025-09-27,2025-09-27
180,rahishudeen,6881171186,rahishudeen746@gmail.com,Individual,Verified,197,2025-11-20,2025-11-20
181,vinay,6804949620,vinay111@gmail.com,Individual,Verified,112,2025-09-11,2025-09-11
182,himanshu,7044775465,himanshu349@gmail.com,Household,Verified,314,2025-01-16,2025-01-16
183,rubjaan,8332030701,rubjaan540@gmail.com,Individual,Verified,277,2025-01-11,2025-01-11
184,nirwat,7500018914,nirwat656@gmail.com,Individual,Pending,201,2025-09-05,2025-09-05
185,shyamvati,9239218790,shyamvati668@gmail.com,Household,Verified,572,2025-03-29,2025-03-29
186,nathani,6078991047,nathani821@gmail.com,Individual,Verified,218,2025-12-21,2025-12-21
187,ramaiya,6796006220,ramaiya450@gmail.com,Business,Verified,765,2025-05-09,2025-05-09
188,partap,9235403581,partap929@gmail.com,Household,Pending,465,2025-08-19,2025-08-19
189,veenita,7460085222,veenita502@gmail.com,Individual,Verified,357,2025-05-13,2025-05-13
190,samadhan,8624232513,samadhan536@gmail.com,Business,Pending,390,2025-11-24,2025-11-24
191,sanjana,7999148488,sanjana852@gmail.com,Individual,Verified,271,2025-06-29,2025-06-29
192,jugal,6524676765,jugal608@gmail.com,Individual,Pending,573,2025-12-26,2025-12-26
193,tamsa,8527464208,tamsa466@gmail.com,Individual,Verified,761,2025-04-11,2025-04-11
194,shrishti,9908593956,shrishti245@gmail.com,Individual,Pending,106,2025-11-27,2025-11-27
195,mahinder,6571257591,mahinder251@gmail.com,Business,Pending,389,2025-08-07,2025-08-07
196,bimla,7158597557,bimla833@gmail.com,Individual,Verified,693,2025-09-04,2025-09-04
197,nathulal,9393304514,nathulal489@gmail.com,Household,Pending,264,2025-09-02,2025-09-02
198,parsnath,9086491795,parsnath917@gmail.com,Individual,Verified,69,2025-01-31,2025-01-31
199,shabbo,9002497128,shabbo187@gmail.com,Individual,Verified,37,2025-03-19,2025-03-19
200,pooja,7172414069,pooja763@gmail.com,Individual,Pending,642,2025-06-21,2025-06-21
201,khumlo,8934974380,khumlo575@gmail.com,Household,Verified,791,2025-08-18,2025-08-18
202,hani,9812002667,hani692@gmail.com,Individual,Verified,339,2025-03-01,2025-03-01
203,makan,6466322968,makan425@gmail.com,Individual,Verified,678,2025-11-01,2025-11-01
204,modh,9383071264,modh195@gmail.com,Individual,Verified,688,2025-04-13,2025-04-13
205,axat,7762284676,axat535@gmail.com,Individual,Verified,423,2025-06-04,2025-06-04
206,jarif,6928894361,jarif517@gmail.com,Individual,Pending,176,2025-03-23,2025-03-23
207,bulad,8838256123,bulad959@gmail.com,Individual,Verified,244,2025-09-29,2025-09-29
208,sunali,9216921257,sunali990@gmail.com,Individual,Verified,355,2025-03-03,2025-03-03
209,mithalesh,6584897403,mithalesh154@gmail.com,Individual,Verified,188,2025-12-29,2025-12-29
210,baleshwer,7858476513,baleshwer174@gmail.com,Household,Verified,509,2025-05-26,2025-05-26
211,shrabani,9370338104,shrabani588@gmail.com,Individual,Verified,74,2025-06-01,2025-06-01
212,rasida,9764504799,rasida181@gmail.com,Individual,Pending,90,2025-01-11,2025-01-11
213,megharaj,8403358061,megharaj123@gmail.com,Business,Verified,779,2025-02-09,2025-02-09
214,tunda,6014327896,tunda699@gmail.com,Household,Pending,295,2025-12-09,2025-12-09
215,trannum,8403577623,trannum345@gmail.com,Individual,Pending,540,2025-05-18,2025-05-18
216,aditya,7078671710,aditya986@gmail.com,Household,Pending,168,2025-02-20,2025-02-20
217,hasina,7671418091,hasina269@gmail.com,Household,Verified,711,2025-10-15,2025-10-15
218,jiyaul,6706861003,jiyaul572@gmail.com,Business,Verified,598,2025-01-01,2025-01-01
219,binder,6180324620,binder958@gmail.com,Individual,Verified,84,2025-11-25,2025-11-25
220,ramdhan,6040638660,ramdhan435@gmail.com,Individual,Verified,442,2025-05-20,2025-05-20
221,gendi,6735766518,gendi669@gmail.com,Household,Verified,460,2025-01-26,2025-01-26
222,rakkibhul,9481203345,rakkibhul195@gmail.com,Individual,Verified,207,2025-01-09,2025-01-09
223,aatif,9976050974,aatif551@gmail.com,Individual,Verified,107,2025-05-25,2025-05-25
224,sanat,8235012693,sanat290@gmail.com,Individual,Verified,624,2025-07-06,2025-07-06
225,satyvati,6324418104,satyvati819@gmail.com,Household,Verified,268,2025-01-22,2025-01-22
226,abhinay,7071630670,abhinay538@gmail.com,Household,Pending,259,2025-12-10,2025-12-10
227,wazid,6399680452,wazid578@gmail.com,Individual,Verified,586,2025-09-15,2025-09-15
228,tarannum,7384611796,tarannum756@gmail.com,Individual,Verified,596,2025-03-17,2025-03-17
229,shamsher,9991047647,shamsher939@gmail.com,Business,Verified,264,2025-08-23,2025-08-23
230,kumar,6250683942,kumar169@gmail.com,Individual,Verified,26,2025-06-15,2025-06-15
231,allaraji,9767842967,allaraji443@gmail.com,Business,Verified,273,2025-08-13,2025-08-13
232,reshma,6428602757,reshma930@gmail.com,Household,Verified,494,2025-03-16,2025-03-16
233,rambharos,8761610633,rambharos100@gmail.com,Individual,Verified,641,2025-08-27,2025-08-27
234,ramotar,7695509847,ramotar979@gmail.com,Individual,Verified,369,2025-03-23,2025-03-23
235,bishun,9516380649,bishun114@gmail.com,Individual,Verified,412,2025-11-02,2025-11-02
236,ramsurat,8156920822,ramsurat639@gmail.com,Individual,Verified,720,2025-08-15,2025-08-15
237,nitu,9597362577,nitu870@gmail.com,Individual,Verified,676,2025-08-03,2025-08-03
238,geetanjali,7231557144,geetanjali503@gmail.com,Individual,Verified,137,2025-12-13,2025-12-13
239,radhesayam,9820345657,radhesayam205@gmail.com,Business,Verified,585,2025-04-18,2025-04-18
240,minitwa,8696449895,minitwa336@gmail.com,Individual,Pending,172,2025-01-22,2025-01-22
241,dakshina,8382600983,dakshina905@gmail.com,Individual,Verified,263,2025-10-28,2025-10-28
242,begumpur,7908571782,begumpur984@gmail.com,Individual,Verified,610,2025-06-12,2025-06-12
243,madanlal,6832746135,madanlal941@gmail.com,Individual,Verified,42,2025-02-10,2025-02-10
244,bhavuk,9295323904,bhavuk997@gmail.com,Individual,Verified,635,2025-10-23,2025-10-23
245,subburaiyalu,7173772606,subburaiyalu747@gmail.com,Business,Verified,549,2025-08-01,2025-08-01
246,chetan,8161652805,chetan185@gmail.com,Individual,Pending,362,2025-05-22,2025-05-22
247,rajkiran,8137485452,rajkiran897@gmail.com,Individual,Verified,49,2025-08-22,2025-08-22
248,lakhsmi,9077008223,lakhsmi932@gmail.com,Individual,Pending,789,2025-09-21,2025-09-21
249,premo,7803256477,premo167@gmail.com,Household,Verified,642,2025-04-03,2025-04-03
250,eshavarya,9351751965,eshavarya186@gmail.com,Household,Verified,45,2025-10-23,2025-10-23
251,avdhesh,6720773831,avdhesh667@gmail.com,Business,Verified,280,2025-06-15,2025-06-15
252,shafi,6466887436,shafi916@gmail.com,Individual,Verified,687,2025-06-18,2025-06-18
253,gora,6968477580,gora441@gmail.com,Individual,Verified,614,2025-01-22,2025-01-22
254,rehmati,8161245464,rehmati895@gmail.com,Individual,Pending,401,2025-09-10,2025-09-10
255,vasa,7773992807,vasa817@gmail.com,Individual,Pending,131,2025-01-24,2025-01-24
256,satrughan,7655702481,satrughan188@gmail.com,Individual,Verified,309,2025-03-16,2025-03-16
257,norti,8284013024,norti791@gmail.com,Individual,Verified,668,2025-01-19,2025-01-19
258,suja,7394985570,suja819@gmail.com,Individual,Verified,46,2025-06-01,2025-06-01
259,rattan,7532187489,rattan625@gmail.com,Household,Verified,412,2025-01-14,2025-01-14
260,kanku,7404758726,kanku743@gmail.com,Business,Verified,80,2025-04-15,2025-04-15
261,mazhar,8420959258,mazhar383@gmail.com,Business,Verified,623,2025-05-24,2025-05-24
262,yasmin,7037415233,yasmin238@gmail.com,Household,Verified,511,2025-09-27,2025-09-27
263,salima,7649122375,salima407@gmail.com,Household,Verified,481,2025-10-29,2025-10-29
264,fauji,7338765073,fauji167@gmail.com,Business,Verified,589,2025-11-30,2025-11-30
265,tarachand,7497500133,tarachand447@gmail.com,Individual,Verified,200,2025-01-24,2025-01-24
266,veerander,7977289700,veerander649@gmail.com,Individual,Verified,673,2025-04-05,2025-04-05
267,aamrin,6772408859,aamrin906@gmail.com,Individual,Verified,258,2025-11-16,2025-11-16
268,sus,7439258483,sus172@gmail.com,Household,Verified,40,2025-11-29,2025-11-29
269,saahin,8871711917,saahin252@gmail.com,Individual,Verified,245,2025-05-27,2025-05-27
270,avinsh,8513213322,avinsh498@gmail.com,Business,Verified,782,2025-10-19,2025-10-19
271,sarabjit,6119667864,sarabjit691@gmail.com,Household,Verified,651,2025-12-18,2025-12-18
272,harman,8467364223,harman393@gmail.com,Individual,Verified,739,2025-01-28,2025-01-28
273,sabreen,6073899096,sabreen839@gmail.com,Business,Verified,593,2025-05-09,2025-05-09
274,bivla,7563125806,bivla451@gmail.com,Individual,Verified,29,2025-07-29,2025-07-29
275,aanya,9116630554,aanya950@gmail.com,Individual,Verified,683,2025-12-23,2025-12-23
276,aradhana,6983262145,aradhana386@gmail.com,Individual,Verified,435,2025-01-10,2025-01-10
277,vinoda,7109587029,vinoda981@gmail.com,Individual,Pending,624,2025-01-03,2025-01-03
278,naroo,7198679700,naroo873@gmail.com,Business,Verified,356,2025-03-25,2025-03-25
279,sachin,8948710393,sachin607@gmail.com,Household,Verified,163,2025-11-17,2025-11-17
280,umang,8409204447,umang625@gmail.com,Individual,Verified,59,2025-09-03,2025-09-03
281,shanaz,8940643227,shanaz933@gmail.com,Individual,Verified,166,2025-11-27,2025-11-27
282,mayak,6942989282,mayak142@gmail.com,Individual,Pending,686,2025-09-05,2025-09-05
283,dhrama,9257123667,dhrama167@gmail.com,Business,Verified,701,2025-10-07,2025-10-07
284,mager,9861485641,mager489@gmail.com,Individual,Verified,384,2025-01-15,2025-01-15
285,suryanath,8291378289,suryanath456@gmail.com,Individual,Verified,132,2025-05-30,2025-05-30
286,tulcharam,9690359126,tulcharam556@gmail.com,Individual,Verified,739,2025-05-08,2025-05-08
287,saweta,9759204678,saweta619@gmail.com,Individual,Verified,137,2025-01-17,2025-01-17
288,vishesh,6664436284,vishesh422@gmail.com,Individual,Verified,306,2025-01-10,2025-01-10
289,kmo,9322245161,kmo383@gmail.com,Individual,Pending,643,2025-11-02,2025-11-02
290,fatima,9376181770,fatima461@gmail.com,Individual,Verified,178,2025-10-17,2025-10-17
291,phooli,6420689493,phooli372@gmail.com,Individual,Pending,148,2025-04-10,2025-04-10
292,jigar,6619500170,jigar508@gmail.com,Individual,Verified,155,2025-12-30,2025-12-30
293,madina,9142622583,madina931@gmail.com,Business,Pending,584,2025-01-10,2025-01-10
294,yasib,7518146229,yasib819@gmail.com,Individual,Verified,522,2025-04-29,2025-04-29
295,sam,8533202519,sam495@gmail.com,Individual,Verified,182,2025-04-12,2025-04-12
296,sukumar,7177790795,sukumar290@gmail.com,Business,Verified,221,2025-08-15,2025-08-15
297,mahveer,6270327464,mahveer180@gmail.com,Individual,Verified,264,2025-07-04,2025-07-04
298,rahish,9868079197,rahish171@gmail.com,Household,Verified,549,2025-08-18,2025-08-18
299,nathiya,8590064126,nathiya477@gmail.com,Individual,Pending,215,2025-07-05,2025-07-05
300,nazreen,8996230432,nazreen953@gmail.com,Individual,Verified,693,2025-01-11,2025-01-11
301,tanisha,7628269881,tanisha390@gmail.com,Individual,Verified,755,2025-11-22,2025-11-22
302,mehru,9401399650,mehru193@gmail.com,Household,Verified,89,2025-08-17,2025-08-17
303,mujeeb,8021408901,mujeeb868@gmail.com,Individual,Verified,389,2025-08-20,2025-08-20
304,kalma,6624691000,kalma334@gmail.com,Individual,Pending,696,2025-05-11,2025-05-11
305,shekiba,7801708780,shekiba772@gmail.com,Business,Verified,752,2025-07-19,2025-07-19
306,firasat,7045454524,firasat497@gmail.com,Individual,Verified,37,2025-05-29,2025-05-29
307,mansha,6168041025,mansha290@gmail.com,Individual,Verified,87,2025-06-17,2025-06-17
308,malkeet,6480385381,malkeet152@gmail.com,Individual,Verified,140,2025-06-01,2025-06-01
309,nashimuddin,9074816579,nashimuddin480@gmail.com,Individual,Verified,1,2025-11-11,2025-11-11
310,dolo,6171272624,dolo451@gmail.com,Individual,Verified,368,2025-01-28,2025-01-28
311,deou,7627745539,deou567@gmail.com,Individual,Verified,440,2025-06-23,2025-06-23
312,ratneswar,8706239135,ratneswar740@gmail.com,Individual,Pending,40,2025-12-24,2025-12-24
313,sukhpreeet,6420178273,sukhpreeet160@gmail.com,Individual,Pending,9,2025-12-20,2025-12-20
314,taslima,8070452823,taslima888@gmail.com,Household,Pending,331,2025-04-26,2025-04-26
315,fharman,8479240845,fharman942@gmail.com,Individual,Pending,641,2025-06-27,2025-06-27
316,poma,9610305123,poma397@gmail.com,Individual,Verified,92,2025-08-30,2025-08-30
317,jafar,9615881923,jafar694@gmail.com,Business,Verified,585,2025-02-06,2025-02-06
318,shiraj,6685178976,shiraj283@gmail.com,Individual,Verified,449,2025-03-27,2025-03-27
319,parsanjeet,6329038326,parsanjeet553@gmail.com,Business,Verified,228,2025-07-01,2025-07-01
320,evan,6527233132,evan752@gmail.com,Individual,Verified,111,2025-03-03,2025-03-03
321,laddha,6867219579,laddha416@gmail.com,Individual,Verified,34,2025-03-10,2025-03-10
322,dara,7945745778,dara815@gmail.com,Individual,Verified,488,2025-01-26,2025-01-26
323,shivam,8528281076,shivam518@gmail.com,Individual,Verified,448,2025-11-06,2025-11-06
324,parbhu,8231118183,parbhu154@gmail.com,Individual,Verified,449,2025-12-05,2025-12-05
325,nirjla,9704195113,nirjla524@gmail.com,Individual,Verified,239,2025-02-21,2025-02-21
326,mangala,7317190362,mangala849@gmail.com,Individual,Verified,64,2025-08-10,2025-08-10
327,ranni,8668035524,ranni384@gmail.com,Individual,Verified,339,2025-09-29,2025-09-29
328,sarthak,6312568305,sarthak937@gmail.com,Individual,Verified,723,2025-05-04,2025-05-04
329,vikky,7223714935,vikky985@gmail.com,Business,Verified,395,2025-01-07,2025-01-07
330,dharmendr,7934288498,dharmendr644@gmail.com,Individual,Verified,201,2025-06-24,2025-06-24
331,vandhana,9166829745,vandhana390@gmail.com,Household,Verified,564,2025-10-31,2025-10-31
332,vashu,9960332866,vashu333@gmail.com,Business,Verified,572,2025-12-12,2025-12-12
333,jafrin,8643113140,jafrin272@gmail.com,Individual,Verified,672,2025-07-23,2025-07-23
334,vrendra,6278460239,vrendra248@gmail.com,Individual,Verified,366,2025-03-01,2025-03-01
335,jeete,6440828328,jeete537@gmail.com,Individual,Verified,339,2025-06-30,2025-06-30
336,janmesh,7054204483,janmesh122@gmail.com,Household,Pending,585,2025-10-14,2025-10-14
337,stifen,8925751626,stifen885@gmail.com,Individual,Verified,610,2025-05-05,2025-05-05
338,sadre,6389054381,sadre491@gmail.com,Business,Verified,754,2025-11-14,2025-11-14
339,tapsya,6392113802,tapsya190@gmail.com,Individual,Verified,628,2025-10-21,2025-10-21
340,bherav,7242800834,bherav779@gmail.com,Household,Verified,722,2025-12-14,2025-12-14
341,tilak,9063753763,tilak531@gmail.com,Household,Verified,48,2025-11-26,2025-11-26
342,jyotsana,9711604299,jyotsana150@gmail.com,Individual,Verified,516,2025-07-28,2025-07-28
343,seetal,7138242139,seetal319@gmail.com,Individual,Verified,284,2025-06-28,2025-06-28
344,patender,8261072559,patender153@gmail.com,Individual,Verified,337,2025-01-19,2025-01-19
345,hamza,7289871278,hamza831@gmail.com,Individual,Verified,54,2025-06-27,2025-06-27
346,pear,8605462620,pear103@gmail.com,Household,Verified,606,2025-04-06,2025-04-06
347,salesh,7348084963,salesh888@gmail.com,Individual,Verified,487,2025-01-23,2025-01-23
348,anara,6712792811,anara159@gmail.com,Individual,Verified,316,2025-09-27,2025-09-27
349,santna,7351357939,santna909@gmail.com,Individual,Verified,621,2025-05-28,2025-05-28
350,nusrat,7839776663,nusrat273@gmail.com,Household,Verified,468,2025-09-06,2025-09-06
351,name,9445642724,name732@gmail.com,Household,Verified,126,2025-01-29,2025-01-29
352,dhukhu,7289566756,dhukhu493@gmail.com,Individual,Verified,555,2025-01-20,2025-01-20
353,manchan,9499966421,manchan490@gmail.com,Business,Verified,712,2025-08-28,2025-08-28
354,dheerendra,9414323107,dheerendra992@gmail.com,Individual,Pending,497,2025-07-21,2025-07-21
355,kuntesh,7577297567,kuntesh371@gmail.com,Individual,Verified,328,2025-09-04,2025-09-04
356,jaydurga,8622984033,jaydurga222@gmail.com,Business,Verified,134,2025-10-31,2025-10-31
357,kamaljeet,9174637028,kamaljeet819@gmail.com,Business,Verified,734,2025-07-13,2025-07-13
358,sazia,8065706298,sazia416@gmail.com,Individual,Verified,367,2025-12-06,2025-12-06
359,munny,7955620938,munny323@gmail.com,Individual,Verified,97,2025-01-07,2025-01-07
360,warish,6889956008,warish479@gmail.com,Individual,Verified,663,2025-04-26,2025-04-26
361,nazima,9929376572,nazima627@gmail.com,Individual,Verified,204,2025-03-21,2025-03-21
362,menu,7194998573,menu159@gmail.com,Individual,Verified,216,2025-06-03,2025-06-03
363,sarad,6203779784,sarad460@gmail.com,Household,Verified,367,2025-07-21,2025-07-21
364,tushal,8744247194,tushal452@gmail.com,Individual,Pending,89,2025-04-09,2025-04-09
365,dhanni,9093867378,dhanni232@gmail.com,Individual,Verified,216,2025-02-06,2025-02-06
366,nandini,7280345034,nandini593@gmail.com,Individual,Verified,256,2025-11-24,2025-11-24
367,vijendra,9735465123,vijendra878@gmail.com,Business,Verified,420,2025-05-23,2025-05-23
368,rozi,9484276849,rozi161@gmail.com,Business,Pending,582,2025-10-02,2025-10-02
369,akhlish,8324705700,akhlish173@gmail.com,Household,Verified,400,2025-07-09,2025-07-09
370,deeya,7358347068,deeya235@gmail.com,Individual,Verified,534,2025-08-22,2025-08-22
371,vikshi,9719792644,vikshi119@gmail.com,Individual,Verified,457,2025-12-30,2025-12-30
372,khushboo,7257765214,khushboo936@gmail.com,Household,Verified,366,2025-03-09,2025-03-09
373,rajbir,8518939542,rajbir836@gmail.com,Individual,Verified,518,2025-09-17,2025-09-17
374,sadhana,6535221071,sadhana159@gmail.com,Individual,Verified,786,2025-01-20,2025-01-20
375,paryanka,8664005712,paryanka128@gmail.com,Individual,Verified,513,2025-09-16,2025-09-16
376,sushil,8151042944,sushil206@gmail.com,Individual,Verified,71,2025-11-26,2025-11-26
377,dasharath,6760118387,dasharath679@gmail.com,Individual,Verified,193,2025-10-18,2025-10-18
378,meenaz,6442489094,meenaz733@gmail.com,Individual,Pending,559,2025-12-08,2025-12-08
379,dipak,7776462783,dipak212@gmail.com,Individual,Verified,446,2025-03-16,2025-03-16
380,shakuntla/baby,7861554868,shakuntla/baby608@gmail.com,Household,Verified,243,2025-04-29,2025-04-29
381,amisha,8159560556,amisha694@gmail.com,Individual,Verified,144,2025-09-14,2025-09-14
382,dharmendra,9416997120,dharmendra829@gmail.com,Individual,Verified,102,2025-07-22,2025-07-22
383,soniya,8485127161,soniya519@gmail.com,Household,Verified,699,2025-11-11,2025-11-11
384,panchuram,9282025154,panchuram536@gmail.com,Individual,Verified,510,2025-08-19,2025-08-19
385,pree,9760156516,pree631@gmail.com,Household,Pending,561,2025-10-11,2025-10-11
386,shakun,8042483482,shakun486@gmail.com,Individual,Verified,140,2025-11-07,2025-11-07
387,swati,7910809058,swati749@gmail.com,Household,Verified,722,2025-01-20,2025-01-20
388,sipra,6428489851,sipra532@gmail.com,Business,Verified,316,2025-03-04,2025-03-04
389,afshana,8390492002,afshana989@gmail.com,Household,Pending,133,2025-04-12,2025-04-12
390,sadod,9541256334,sadod608@gmail.com,Household,Verified,236,2025-12-31,2025-12-31
391,ishatkar,8160034740,ishatkar182@gmail.com,Individual,Verified,32,2025-10-05,2025-10-05
392,milan,9930251403,milan173@gmail.com,Individual,Verified,587,2025-03-30,2025-03-30
393,bhramanand,6779838924,bhramanand498@gmail.com,Individual,Pending,7,2025-06-05,2025-06-05
394,ashiqu,9027529280,ashiqu702@gmail.com,Individual,Verified,133,2025-09-25,2025-09-25
395,rajia,9458227499,rajia830@gmail.com,Household,Verified,122,2025-07-29,2025-07-29
396,parniti,8955291312,parniti346@gmail.com,Business,Verified,604,2025-10-01,2025-10-01
397,namarta,9881522712,namarta232@gmail.com,Household,Verified,28,2025-10-26,2025-10-26
398,sareen,6368769957,sareen622@gmail.com,Individual,Verified,238,2025-11-18,2025-11-18
399,shanbhu,8116044255,shanbhu673@gmail.com,Individual,Verified,207,2025-03-06,2025-03-06
400,bhima,8504167788,bhima711@gmail.com,Individual,Verified,611,2025-12-05,2025-12-05
401,krishna,9871923150,krishna296@gmail.com,Business,Verified,15,2025-03-28,2025-03-28
402,iqbal,9284982275,iqbal371@gmail.com,Individual,Verified,620,2025-03-12,2025-03-12
403,gurnam,7446843774,gurnam976@gmail.com,Individual,Verified,543,2025-12-19,2025-12-19
404,lakhe,6235520789,lakhe970@gmail.com,Individual,Verified,69,2025-12-21,2025-12-21
405,mahtab,8037259752,mahtab605@gmail.com,Individual,Pending,622,2025-07-06,2025-07-06
406,chetanya,9332435793,chetanya435@gmail.com,Individual,Verified,503,2025-07-28,2025-07-28
407,chandrram,6616650954,chandrram891@gmail.com,Individual,Verified,378,2025-10-02,2025-10-02
408,aazadi,8669720931,aazadi831@gmail.com,Household,Pending,1,2025-09-07,2025-09-07
409,karima,8751811379,karima945@gmail.com,Individual,Verified,642,2025-11-03,2025-11-03
410,naveena,9700259370,naveena702@gmail.com,Business,Verified,85,2025-01-08,2025-01-08
411,shmejha,8027987275,shmejha919@gmail.com,Individual,Verified,608,2025-01-20,2025-01-20
412,jitin,7909361975,jitin334@gmail.com,Individual,Verified,511,2025-02-06,2025-02-06
413,naman,8391903190,naman892@gmail.com,Individual,Verified,86,2025-02-28,2025-02-28
414,hemraj,7911858128,hemraj825@gmail.com,Individual,Verified,119,2025-03-26,2025-03-26
415,mushkan,9975607920,mushkan851@gmail.com,Individual,Verified,479,2025-09-21,2025-09-21
416,mobsheera,8553965879,mobsheera798@gmail.com,Individual,Verified,19,2025-01-22,2025-01-22
417,rajiv,8349429796,rajiv303@gmail.com,Individual,Verified,208,2025-11-22,2025-11-22
418,latoor,8715463832,latoor742@gmail.com,Business,Verified,126,2025-05-03,2025-05-03
419,yamin,8150797277,yamin258@gmail.com,Individual,Verified,541,2025-09-07,2025-09-07
420,jani,7372703839,jani410@gmail.com,Individual,Pending,77,2025-02-07,2025-02-07
421,rashid,9857331524,rashid463@gmail.com,Individual,Verified,588,2025-11-23,2025-11-23
422,yashpal,9093519823,yashpal849@gmail.com,Individual,Verified,280,2025-04-16,2025-04-16
423,jioty,7768236080,jioty779@gmail.com,Individual,Verified,513,2025-02-12,2025-02-12
424,barkha,8466816971,barkha310@gmail.com,Business,Verified,687,2025-07-13,2025-07-13
425,pitar,6856148438,pitar280@gmail.com,Individual,Verified,3,2025-07-15,2025-07-15
426,akhatari,7990650791,akhatari605@gmail.com,Business,Verified,149,2025-05-08,2025-05-08
427,lakhami,7986380704,lakhami316@gmail.com,Individual,Verified,638,2025-05-03,2025-05-03
428,yunishs,7561855075,yunishs684@gmail.com,Individual,Verified,108,2025-09-24,2025-09-24
429,genda,9013136880,genda780@gmail.com,Household,Pending,585,2025-03-07,2025-03-07
430,somprakash,7474806042,somprakash531@gmail.com,Individual,Verified,555,2025-05-29,2025-05-29
431,prkesh,6644159101,prkesh150@gmail.com,Individual,Verified,690,2025-05-11,2025-05-11
432,arajun,8768252341,arajun567@gmail.com,Business,Verified,543,2025-01-18,2025-01-18
433,birmati,8988196192,birmati469@gmail.com,Household,Verified,590,2025-09-23,2025-09-23
434,subham,7957652724,subham276@gmail.com,Individual,Pending,604,2025-04-02,2025-04-02
435,sumaila,8591531850,sumaila210@gmail.com,Individual,Pending,618,2025-07-29,2025-07-29
436,harbhajan,6935727668,harbhajan100@gmail.com,Individual,Verified,666,2025-11-26,2025-11-26
437,kavit,9071645840,kavit858@gmail.com,Individual,Pending,93,2025-06-19,2025-06-19
438,deepanti,6312337114,deepanti492@gmail.com,Individual,Pending,17,2025-10-23,2025-10-23
439,lovely,9562917190,lovely420@gmail.com,Business,Verified,756,2025-09-30,2025-09-30
440,himashu,8999316224,himashu140@gmail.com,Individual,Verified,324,2025-11-06,2025-11-06
441,gappu,8284959539,gappu622@gmail.com,Individual,Verified,591,2025-11-15,2025-11-15
442,shanti,9129689182,shanti600@gmail.com,Business,Verified,151,2025-09-25,2025-09-25
443,harleen,8093922935,harleen170@gmail.com,Individual,Pending,342,2025-10-09,2025-10-09
444,ramba,7173611726,ramba943@gmail.com,Household,Verified,239,2025-07-12,2025-07-12
445,mamu,9579964610,mamu280@gmail.com,Business,Verified,281,2025-10-07,2025-10-07
446,mogli,7340590688,mogli783@gmail.com,Individual,Verified,336,2025-04-27,2025-04-27
447,ladli,6066519302,ladli278@gmail.com,Individual,Verified,318,2025-09-08,2025-09-08
448,deepender,9312600666,deepender405@gmail.com,Individual,Verified,183,2025-04-16,2025-04-16
449,rubal,7009984083,rubal693@gmail.com,Individual,Pending,110,2025-07-18,2025-07-18
450,karishma,8082218322,karishma379@gmail.com,Business,Verified,283,2025-10-11,2025-10-11
451,dixya,7012043150,dixya574@gmail.com,Individual,Verified,674,2025-08-04,2025-08-04
452,nanu,6922369345,nanu644@gmail.com,Business,Verified,243,2025-10-21,2025-10-21
453,masoom,9502287792,masoom443@gmail.com,Individual,Pending,18,2025-04-12,2025-04-12
454,noorjaha,7219802853,noorjaha469@gmail.com,Individual,Verified,397,2025-07-05,2025-07-05
455,gurmit,8279860918,gurmit237@gmail.com,Individual,Verified,484,2025-05-23,2025-05-23
456,dilip,7569555107,dilip274@gmail.com,Household,Pending,207,2025-10-16,2025-10-16
457,ismaliye,9817024109,ismaliye696@gmail.com,Individual,Verified,709,2025-11-04,2025-11-04
458,parsant,9189303667,parsant353@gmail.com,Individual,Verified,580,2025-05-20,2025-05-20
459,yinita,8258153371,yinita928@gmail.com,Individual,Verified,520,2025-12-24,2025-12-24
460,rekhwan,9927891208,rekhwan343@gmail.com,Individual,Pending,483,2025-03-25,2025-03-25
461,chatter,9503104080,chatter128@gmail.com,Business,Verified,513,2025-11-18,2025-11-18
462,imsaan,7235226091,imsaan594@gmail.com,Business,Verified,660,2025-04-17,2025-04-17
463,reshami,7803451716,reshami673@gmail.com,Individual,Pending,568,2025-12-26,2025-12-26
464,naresh,7635369998,naresh163@gmail.com,Individual,Pending,511,2025-10-30,2025-10-30
465,vimukt,7304367858,vimukt410@gmail.com,Household,Verified,552,2025-06-15,2025-06-15
466,jagdamba,8181877775,jagdamba670@gmail.com,Business,Verified,659,2025-09-08,2025-09-08
467,bhuli,8001607455,bhuli699@gmail.com,Individual,Verified,217,2025-10-07,2025-10-07
468,mithlesh,9728961288,mithlesh941@gmail.com,Business,Pending,425,2025-12-06,2025-12-06
469,banarsi,7026781230,banarsi898@gmail.com,Individual,Verified,642,2025-01-30,2025-01-30
470,benu,6720819711,benu852@gmail.com,Household,Pending,341,2025-11-08,2025-11-08
471,lavi,6117874106,lavi781@gmail.com,Individual,Verified,433,2025-11-29,2025-11-29
472,rajkaranta,8888748433,rajkaranta506@gmail.com,Individual,Verified,666,2025-12-16,2025-12-16
473,shan,7792993514,shan411@gmail.com,Individual,Verified,582,2025-11-04,2025-11-04
474,dharmender,8946403662,dharmender408@gmail.com,Individual,Pending,471,2025-12-07,2025-12-07
475,kunal,6339959717,kunal492@gmail.com,Household,Verified,679,2025-04-14,2025-04-14
476,hasim,8502176957,hasim705@gmail.com,Business,Verified,305,2025-04-19,2025-04-19
477,tarun,6414979519,tarun966@gmail.com,Household,Verified,419,2025-05-13,2025-05-13
478,barti,8671638011,barti164@gmail.com,Individual,Verified,67,2025-04-30,2025-04-30
479,harison,9538608168,harison897@gmail.com,Business,Verified,512,2025-04-24,2025-04-24
480,nachita,6592430755,nachita770@gmail.com,Individual,Pending,784,2025-09-02,2025-09-02
481,mul,6105229607,mul659@gmail.com,Household,Verified,654,2025-05-06,2025-05-06
482,heera,6897896098,heera710@gmail.com,Individual,Pending,293,2025-11-15,2025-11-15
483,homa,9221082831,homa709@gmail.com,Household,Verified,637,2025-02-10,2025-02-10
484,priyaka,9650487065,priyaka930@gmail.com,Individual,Verified,448,2025-04-02,2025-04-02
485,faraheen,7830558657,faraheen367@gmail.com,Individual,Verified,213,2025-12-11,2025-12-11
486,anaro,9026333537,anaro116@gmail.com,Individual,Verified,636,2025-10-31,2025-10-31
487,veejita,8419956617,veejita570@gmail.com,Business,Verified,117,2025-12-20,2025-12-20
488,jaidul,8275945962,jaidul146@gmail.com,Individual,Verified,698,2025-04-26,2025-04-26
489,dhodi,7640609694,dhodi582@gmail.com,Individual,Pending,789,2025-08-03,2025-08-03
490,santara,8213732745,santara555@gmail.com,Individual,Pending,566,2025-04-24,2025-04-24
491,rijwana,8772598258,rijwana597@gmail.com,Business,Verified,729,2025-01-15,2025-01-15
492,dhiru,6509559872,dhiru788@gmail.com,Individual,Verified,604,2025-01-08,2025-01-08
493,virjiniya,8649297925,virjiniya447@gmail.com,Individual,Verified,564,2025-09-13,2025-09-13
494,pabitra,8510431422,pabitra687@gmail.com,Individual,Verified,766,2025-01-01,2025-01-01
495,jasbir,7200412241,jasbir412@gmail.com,Individual,Verified,353,2025-05-02,2025-05-02
496,sardhu,7378130773,sardhu885@gmail.com,Individual,Pending,497,2025-02-10,2025-02-10
497,sangram,9616324678,sangram582@gmail.com,Individual,Verified,33,2025-11-05,2025-11-05
498,parmeswari,9999108844,parmeswari918@gmail.com,Individual,Verified,97,2025-08-04,2025-08-04
499,tanveer,9839770636,tanveer356@gmail.com,Household,Pending,467,2025-09-28,2025-09-28
500,yamuna,9981646962,yamuna838@gmail.com,Individual,Pending,550,2025-10-16,2025-10-16
