job_skill_id,job_id,skill_id
1,1,45
2,2,29
3,2,30
4,2,28
5,3,1
6,3,5
7,3,2
8,3,3
9,4,34
10,4,35
11,4,36
12,5,16
13,5,15
14,5,17
15,6,27
16,6,28
17,6,30
18,7,28
19,7,30
20,7,29
21,8,31
22,8,32
23,8,33
24,9,17
25,9,15
26,10,30
27,10,27
28,10,29
29,10,28
30,11,11
31,11,13
32,11,14
33,12,7
34,12,10
35,13,16
36,13,18
37,13,15
38,14,27
39,14,30
40,14,28
41,14,29
42,15,27
43,15,29
44,15,30
45,15,28
46,16,48
47,16,47
48,17,46
49,18,16
50,18,18
51,19,40
52,19,41
53,19,42
54,20,30
55,20,28
56,20,29
57,20,27
58,21,28
59,21,30
60,22,5
61,22,3
62,23,28
63,23,27
64,24,43
65,24,44
66,25,36
67,25,35
68,25,34
69,26,30
70,26,28
71,26,27
72,27,26
73,27,24
74,27,23
75,27,25
76,28,40
77,28,42
78,28,41
79,29,40
80,29,42
81,30,47
82,30,48
83,31,40
84,31,41
85,31,42
86,32,28
87,32,29
88,33,15
89,33,18
90,34,29
91,34,30
92,35,37
93,35,38
94,36,20
95,36,22
96,37,16
97,37,15
98,37,18
99,38,31
100,38,32
101,38,33
102,39,16
103,39,15
104,40,33
105,40,31
106,40,32
107,41,28
108,41,29
109,41,27
110,41,30
111,42,36
112,42,35
113,42,34
114,43,22
115,43,19
116,44,27
117,44,28
118,45,37
119,45,39
120,45,38
121,46,20
122,46,22
123,46,21
124,47,40
125,47,42
126,47,41
127,48,24
128,48,25
129,49,23
130,49,26
131,49,24
132,50,40
133,50,42
134,50,41
135,51,27
136,51,28
137,52,38
138,52,39
139,52,37
140,53,46
141,54,46
142,55,30
143,55,28
144,56,6
145,56,10
146,57,43
147,57,44
148,58,29
149,58,27
150,59,27
151,59,30
152,60,26
153,60,23
154,60,25
155,60,24
156,61,45
157,62,44
158,62,43
159,63,42
160,63,41
161,63,40
162,64,37
163,64,39
164,64,38
165,65,45
166,66,23
167,66,25
168,66,26
169,66,24
170,67,20
171,67,19
172,67,22
173,67,21
174,68,45
175,69,40
176,69,41
177,69,42
178,70,18
179,70,17
180,70,15
181,71,28
182,71,29
183,71,30
184,72,24
185,72,23
186,72,25
187,73,32
188,73,31
189,74,16
190,74,18
191,74,15
192,74,17
193,75,26
194,75,25
195,75,23
196,75,24
197,76,30
198,76,27
199,77,9
200,77,8
201,77,7
202,78,28
203,78,30
204,79,42
205,79,40
206,79,41
207,80,21
208,80,22
209,80,20
210,80,19
211,81,15
212,81,17
213,81,16
214,81,18
215,82,36
216,82,34
217,82,35
218,83,40
219,83,41
220,83,42
221,84,17
222,84,15
223,85,12
224,85,14
225,85,11
226,85,13
227,86,44
228,86,43
229,87,31
230,87,33
231,88,45
232,89,26
233,89,24
234,89,23
235,90,22
236,90,20
237,91,26
238,91,23
239,91,25
240,91,24
241,92,28
242,92,27
243,92,30
244,92,29
245,93,31
246,93,33
247,93,32
248,94,24
249,94,25
250,94,23
251,95,10
252,95,8
253,95,6
254,95,7
255,96,43
256,96,44
257,97,39
258,97,38
259,98,43
260,98,44
261,99,18
262,99,16
263,99,17
264,100,32
265,100,31
266,100,33
267,101,32
268,101,33
269,101,31
270,102,1
271,102,4
272,103,17
273,103,18
274,103,16
275,104,29
276,104,27
277,104,30
278,105,32
279,105,31
280,105,33
281,106,38
282,106,39
283,107,30
284,107,28
285,108,23
286,108,26
287,109,18
288,109,15
289,110,27
290,110,30
291,110,29
292,110,28
293,111,21
294,111,20
295,111,22
296,112,25
297,112,24
298,113,27
299,113,30
300,113,28
301,113,29
302,114,48
303,114,47
304,115,19
305,115,22
306,115,20
307,115,21
308,116,46
309,117,24
310,117,25
311,117,26
312,118,20
313,118,21
314,119,31
315,119,33
316,120,15
317,120,18
318,120,17
319,121,22
320,121,21
321,121,19
322,122,14
323,122,11
324,122,13
325,122,12
326,123,40
327,123,41
328,123,42
329,124,48
330,124,47
331,125,7
332,125,8
333,126,11
334,126,14
335,126,12
336,127,36
337,127,34
338,128,48
339,128,47
340,129,41
341,129,40
342,129,42
343,130,40
344,130,41
345,130,42
346,131,21
347,131,19
348,131,20
349,132,7
350,132,10
351,132,6
352,133,23
353,133,25
354,133,26
355,133,24
356,134,13
357,134,12
358,134,14
359,134,11
360,135,41
361,135,40
362,135,42
363,136,14
364,136,13
365,136,11
366,137,36
367,137,34
368,137,35
369,138,41
370,138,40
371,138,42
372,139,31
373,139,33
374,139,32
375,140,26
376,140,23
377,140,25
378,141,39
379,141,38
380,141,37
381,142,37
382,142,38
383,142,39
384,143,11
385,143,13
386,143,12
387,144,46
388,145,21
389,145,20
390,145,19
391,145,22
392,146,19
393,146,22
394,147,46
395,148,46
396,149,25
397,149,23
398,149,26
399,149,24
400,150,16
401,150,15
402,150,18
403,151,36
404,151,34
405,151,35
406,152,25
407,152,23
408,152,26
409,153,38
410,153,39
411,154,30
412,154,27
413,154,28
414,154,29
415,155,1
416,155,5
417,155,4
418,155,3
419,156,3
420,156,4
421,156,1
422,156,2
423,157,5
424,157,2
425,158,48
426,158,47
427,159,15
428,159,17
429,159,16
430,160,27
431,160,30
432,160,29
433,161,28
434,161,30
435,161,27
436,162,37
437,162,38
438,162,39
439,163,30
440,163,28
441,164,19
442,164,22
443,164,20
444,165,17
445,165,16
446,165,18
447,165,15
448,166,46
449,167,29
450,167,28
451,167,30
452,168,33
453,168,32
454,169,39
455,169,38
456,170,24
457,170,23
458,170,26
459,170,25
460,171,41
461,171,40
462,171,42
463,172,11
464,172,14
465,173,6
466,173,7
467,174,12
468,174,14
469,174,13
470,174,11
471,175,33
472,175,31
473,175,32
474,176,38
475,176,37
476,177,40
477,177,42
478,177,41
479,178,30
480,178,28
481,179,16
482,179,18
483,179,15
484,180,30
485,180,29
486,181,25
487,181,23
488,182,27
489,182,30
490,182,28
491,183,43
492,183,44
493,184,39
494,184,37
495,184,38
496,185,26
497,185,23
498,185,24
499,186,28
500,186,29
501,186,30
502,186,27
503,187,23
504,187,26
505,187,24
506,188,42
507,188,41
508,188,40
509,189,13
510,189,12
511,189,14
512,190,14
513,190,13
514,191,31
515,191,33
516,191,32
517,192,40
518,192,41
519,192,42
520,193,8
521,193,6
522,194,12
523,194,11
524,194,14
525,195,16
526,195,18
527,196,29
528,196,27
529,196,28
530,196,30
531,197,7
532,197,6
533,197,9
534,197,8
535,198,39
536,198,38
537,198,37
538,199,21
539,199,20
540,199,19
541,199,22
542,200,44
543,200,43
544,201,16
545,201,15
546,201,17
547,202,27
548,202,30
549,202,28
550,203,39
551,203,37
552,203,38
553,204,28
554,204,29
555,204,30
556,204,27
557,205,25
558,205,26
559,205,23
560,206,43
561,206,44
562,207,41
563,207,42
564,208,16
565,208,15
566,209,43
567,209,44
568,210,39
569,210,37
570,210,38
571,211,30
572,211,29
573,212,1
574,212,4
575,212,5
576,212,2
577,213,13
578,213,14
579,214,15
580,214,18
581,215,33
582,215,31
583,215,32
584,216,35
585,216,34
586,216,36
587,217,3
588,217,5
589,217,4
590,218,17
591,218,16
592,218,15
593,219,38
594,219,37
595,220,30
596,220,28
597,221,25
598,221,24
599,221,23
600,222,38
601,222,39
602,222,37
603,223,11
604,223,13
605,223,12
606,223,14
607,224,34
608,224,35
609,224,36
610,225,38
611,225,37
612,225,39
613,226,26
614,226,25
615,226,24
616,226,23
617,227,36
618,227,35
619,227,34
620,228,17
621,228,16
622,228,15
623,228,18
624,229,32
625,229,33
626,229,31
627,230,33
628,230,32
629,230,31
630,231,35
631,231,34
632,231,36
633,232,19
634,232,21
635,233,46
636,234,8
637,234,9
638,234,6
639,235,43
640,235,44
641,236,9
642,236,6
643,237,27
644,237,28
645,238,18
646,238,15
647,238,17
648,239,27
649,239,29
650,239,30
651,240,29
652,240,28
653,240,30
654,241,45
655,242,5
656,242,4
657,243,2
658,243,4
659,243,5
660,243,3
661,244,12
662,244,13
663,244,11
664,245,21
665,245,20
666,246,48
667,246,47
668,247,39
669,247,37
670,247,38
671,248,32
672,248,31
673,249,48
674,249,47
675,250,9
676,250,10
677,250,6
678,251,32
679,251,33
680,251,31
681,252,33
682,252,32
683,252,31
684,253,46
685,254,44
686,254,43
687,255,41
688,255,40
689,256,33
690,256,32
691,256,31
692,257,33
693,257,32
694,257,31
695,258,44
696,258,43
697,259,45
698,260,13
699,260,14
700,261,16
701,261,18
702,261,17
703,262,43
704,262,44
705,263,47
706,263,48
707,264,14
708,264,12
709,264,13
710,265,48
711,265,47
712,266,41
713,266,40
714,266,42
715,267,30
716,267,27
717,267,29
718,268,26
719,268,24
720,268,25
721,269,46
722,270,40
723,270,41
724,270,42
725,271,34
726,271,35
727,272,28
728,272,27
729,273,29
730,273,27
731,274,10
732,274,8
733,275,23
734,275,24
735,275,26
736,276,43
737,276,44
738,277,25
739,277,23
740,278,40
741,278,42
742,278,41
743,279,10
744,279,6
745,279,9
746,280,17
747,280,16
748,280,15
749,280,18
750,281,44
751,281,43
752,282,44
753,282,43
754,283,15
755,283,16
756,283,17
757,283,18
758,284,43
759,284,44
760,285,18
761,285,15
762,285,16
763,285,17
764,286,32
765,286,31
766,286,33
767,287,45
768,288,15
769,288,17
770,288,16
771,288,18
772,289,23
773,289,26
774,289,25
775,289,24
776,290,18
777,290,16
778,291,42
779,291,40
780,291,41
781,292,42
782,292,40
783,292,41
784,293,16
785,293,18
786,294,26
787,294,24
788,295,33
789,295,32
790,296,18
791,296,17
792,297,42
793,297,40
794,297,41
795,298,3
796,298,1
797,298,4
798,299,23
799,299,26
800,299,24
801,300,40
802,300,41
803,300,42
804,301,48
805,301,47
806,302,25
807,302,23
808,302,26
809,302,24
810,303,23
811,303,24
812,304,45
813,305,12
814,305,14
815,305,13
816,305,11
817,306,11
818,306,14
819,306,13
820,307,28
821,307,27
822,307,29
823,308,42
824,308,40
825,309,24
826,309,23
827,309,25
828,310,1
829,310,5
830,310,4
831,310,3
832,311,45
833,312,48
834,312,47
835,313,10
836,313,7
837,313,6
838,314,3
839,314,5
840,314,2
841,314,1
842,315,48
843,315,47
844,316,26
845,316,25
846,316,23
847,316,24
848,317,15
849,317,17
850,317,18
851,318,43
852,318,44
853,319,35
854,319,36
855,320,39
856,320,38
857,321,42
858,321,41
859,322,26
860,322,25
861,322,24
862,323,27
863,323,30
864,323,29
865,324,45
866,325,25
867,325,26
868,326,16
869,326,18
870,326,15
871,326,17
872,327,24
873,327,26
874,327,25
875,327,23
876,328,21
877,328,19
878,328,20
879,328,22
880,329,25
881,329,24
882,329,26
883,330,12
884,330,11
885,330,14
886,330,13
887,331,37
888,331,38
889,332,25
890,332,24
891,332,23
892,333,18
893,333,17
894,334,46
895,335,14
896,335,11
897,335,12
898,336,30
899,336,27
900,337,14
901,337,11
902,337,13
903,338,25
904,338,24
905,338,23
906,338,26
907,339,38
908,339,37
909,339,39
910,340,16
911,340,17
912,340,18
913,340,15
914,341,28
915,341,27
916,341,30
917,341,29
918,342,18
919,342,16
920,342,15
921,342,17
922,343,7
923,343,6
924,344,23
925,344,26
926,344,25
927,345,15
928,345,18
929,346,39
930,346,38
931,346,37
932,347,24
933,347,26
934,347,23
935,348,24
936,348,26
937,348,25
938,348,23
939,349,21
940,349,22
941,349,20
942,349,19
943,350,30
944,350,28
945,350,27
946,351,38
947,351,39
948,352,4
949,352,3
950,353,36
951,353,34
952,353,35
953,354,40
954,354,41
955,355,18
956,355,15
957,356,14
958,356,13
959,357,6
960,357,7
961,358,41
962,358,42
963,358,40
964,359,16
965,359,15
966,359,17
967,359,18
968,360,46
969,361,33
970,361,31
971,361,32
972,362,36
973,362,34
974,362,35
975,363,22
976,363,19
977,363,20
978,364,24
979,364,25
980,364,23
981,365,17
982,365,18
983,366,46
984,367,30
985,367,28
986,367,29
987,367,27
988,368,38
989,368,37
990,368,39
991,369,46
992,370,24
993,370,23
994,371,16
995,371,15
996,372,27
997,372,29
998,372,28
999,373,44
1000,373,43
1001,374,18
1002,374,15
1003,374,16
1004,375,45
1005,376,20
1006,376,22
1007,376,19
1008,376,21
1009,377,31
1010,377,33
1011,377,32
1012,378,28
1013,378,29
1014,378,30
1015,378,27
1016,379,18
1017,379,17
1018,380,43
1019,380,44
1020,381,45
1021,382,38
1022,382,39
1023,383,38
1024,383,37
1025,383,39
1026,384,28
1027,384,27
1028,384,29
1029,385,15
1030,385,16
1031,385,17
1032,386,29
1033,386,30
1034,387,29
1035,387,27
1036,388,39
1037,388,38
1038,388,37
1039,389,6
1040,389,9
1041,389,7
1042,389,8
1043,390,37
1044,390,38
1045,390,39
1046,391,28
1047,391,27
1048,391,29
1049,392,30
1050,392,29
1051,392,27
1052,392,28
1053,393,5
1054,393,2
1055,394,45
1056,395,37
1057,395,38
1058,395,39
1059,396,7
1060,396,10
1061,397,11
1062,397,12
1063,397,13
1064,397,14
1065,398,30
1066,398,29
1067,399,35
1068,399,36
1069,399,34
1070,400,38
1071,400,39
1072,401,10
1073,401,6
1074,401,9
1075,402,47
1076,402,48
1077,403,42
1078,403,40
1079,404,41
1080,404,40
1081,404,42
1082,405,4
1083,405,2
1084,406,14
1085,406,13
1086,407,13
1087,407,12
1088,408,38
1089,408,39
1090,408,37
1091,409,23
1092,409,24
1093,410,25
1094,410,26
1095,410,23
1096,411,37
1097,411,38
1098,412,33
1099,412,32
1100,412,31
1101,413,46
1102,414,45
1103,415,6
1104,415,7
1105,415,9
1106,416,46
1107,417,20
1108,417,21
1109,417,19
1110,417,22
1111,418,45
1112,419,26
1113,419,25
1114,419,24
1115,419,23
1116,420,33
1117,420,32
1118,420,31
1119,421,9
1120,421,8
1121,422,18
1122,422,15
1123,422,17
1124,423,43
1125,423,44
1126,424,31
1127,424,33
1128,424,32
1129,425,1
1130,425,2
1131,425,3
1132,425,4
1133,426,20
1134,426,22
1135,426,21
1136,426,19
1137,427,41
1138,427,40
1139,427,42
1140,428,18
1141,428,17
1142,428,16
1143,428,15
1144,429,22
1145,429,20
1146,430,39
1147,430,37
1148,430,38
1149,431,34
1150,431,36
1151,432,32
1152,432,31
1153,432,33
1154,433,10
1155,433,6
1156,433,8
1157,434,29
1158,434,27
1159,434,30
1160,434,28
1161,435,37
1162,435,39
1163,435,38
1164,436,18
1165,436,15
1166,437,35
1167,437,34
1168,437,36
1169,438,8
1170,438,7
1171,438,6
1172,438,10
1173,439,43
1174,439,44
1175,440,25
1176,440,24
1177,441,48
1178,441,47
1179,442,42
1180,442,41
1181,442,40
1182,443,37
1183,443,38
1184,443,39
1185,444,37
1186,444,39
1187,444,38
1188,445,39
1189,445,38
1190,445,37
1191,446,44
1192,446,43
1193,447,29
1194,447,30
1195,448,34
1196,448,35
1197,448,36
1198,449,9
1199,449,8
1200,449,10
1201,449,6
1202,450,19
1203,450,21
1204,450,22
1205,451,18
1206,451,16
1207,451,17
1208,451,15
1209,452,15
1210,452,16
1211,453,28
1212,453,30
1213,453,29
1214,454,29
1215,454,28
1216,454,27
1217,454,30
1218,455,33
1219,455,32
1220,455,31
1221,456,31
1222,456,32
1223,456,33
1224,457,22
1225,457,21
1226,457,19
1227,458,45
1228,459,28
1229,459,30
1230,459,27
1231,459,29
1232,460,6
1233,460,9
1234,461,8
1235,461,10
1236,461,9
1237,462,30
1238,462,28
1239,462,29
1240,463,44
1241,463,43
1242,464,23
1243,464,24
1244,464,25
1245,464,26
1246,465,17
1247,465,15
1248,466,24
1249,466,23
1250,466,26
1251,466,25
1252,467,22
1253,467,19
1254,468,32
1255,468,31
1256,469,28
1257,469,27
1258,470,36
1259,470,35
1260,471,25
1261,471,26
1262,471,24
1263,471,23
1264,472,7
1265,472,6
1266,472,8
1267,473,24
1268,473,23
1269,473,26
1270,474,29
1271,474,27
1272,474,28
1273,475,41
1274,475,42
1275,476,14
1276,476,12
1277,476,11
1278,477,9
1279,477,10
1280,477,6
1281,478,45
1282,479,18
1283,479,17
1284,479,16
1285,480,30
1286,480,29
1287,481,47
1288,481,48
1289,482,19
1290,482,22
1291,482,21
1292,483,43
1293,483,44
1294,484,32
1295,484,33
1296,485,24
1297,485,23
1298,486,43
1299,486,44
1300,487,23
1301,487,24
1302,487,25
1303,487,26
1304,488,34
1305,488,36
1306,488,35
1307,489,37
1308,489,39
1309,489,38
1310,490,46
1311,491,41
1312,491,40
1313,491,42
1314,492,38
1315,492,37
1316,492,39
1317,493,33
1318,493,31
1319,494,46
1320,495,27
1321,495,29
1322,495,30
1323,495,28
1324,496,46
1325,497,25
1326,497,26
1327,497,23
1328,498,33
1329,498,31
1330,499,42
1331,499,40
1332,499,41
1333,500,23
1334,500,26
1335,501,36
1336,501,34
1337,501,35
1338,502,31
1339,502,32
1340,503,27
1341,503,29
1342,504,23
1343,504,24
1344,505,38
1345,505,37
1346,505,39
1347,506,10
1348,506,8
1349,506,6
1350,507,30
1351,507,28
1352,507,27
1353,508,28
1354,508,27
1355,508,29
1356,509,44
1357,509,43
1358,510,30
1359,510,28
1360,511,38
1361,511,39
1362,511,37
1363,512,38
1364,512,37
1365,513,14
1366,513,12
1367,513,11
1368,514,28
1369,514,29
1370,515,45
1371,516,41
1372,516,40
1373,516,42
1374,517,18
1375,517,15
1376,518,17
1377,518,16
1378,519,46
1379,520,26
1380,520,25
1381,520,23
1382,520,24
1383,521,31
1384,521,33
1385,521,32
1386,522,41
1387,522,42
1388,522,40
1389,523,45
1390,524,9
1391,524,8
1392,525,45
1393,526,13
1394,526,12
1395,527,26
1396,527,23
1397,527,25
1398,527,24
1399,528,10
1400,528,9
1401,528,7
1402,528,6
1403,529,37
1404,529,38
1405,529,39
1406,530,44
1407,530,43
1408,531,26
1409,531,23
1410,531,24
1411,532,46
1412,533,42
1413,533,40
1414,534,38
1415,534,37
1416,535,24
1417,535,25
1418,535,23
1419,535,26
1420,536,27
1421,536,30
1422,536,28
1423,536,29
1424,537,12
1425,537,11
1426,537,13
1427,538,3
1428,538,4
1429,538,1
1430,539,28
1431,539,30
1432,539,27
1433,540,27
1434,540,28
1435,540,29
1436,541,39
1437,541,38
1438,542,35
1439,542,36
1440,542,34
1441,543,17
1442,543,18
1443,543,15
1444,544,31
1445,544,33
1446,544,32
1447,545,40
1448,545,42
1449,545,41
1450,546,11
1451,546,14
1452,546,13
1453,546,12
1454,547,43
1455,547,44
1456,548,11
1457,548,13
1458,548,12
1459,548,14
1460,549,27
1461,549,28
1462,549,30
1463,550,29
1464,550,28
1465,550,27
1466,551,38
1467,551,39
1468,551,37
1469,552,46
1470,553,30
1471,553,28
1472,553,29
1473,553,27
1474,554,47
1475,554,48
1476,555,48
1477,555,47
1478,556,18
1479,556,17
1480,556,15
1481,556,16
1482,557,32
1483,557,31
1484,557,33
1485,558,24
1486,558,25
1487,559,45
1488,560,28
1489,560,27
1490,561,33
1491,561,32
1492,561,31
1493,562,17
1494,562,18
1495,562,16
1496,563,47
1497,563,48
1498,564,22
1499,564,20
1500,564,19
1501,565,25
1502,565,23
1503,566,16
1504,566,15
1505,566,17
1506,567,32
1507,567,31
1508,567,33
1509,568,44
1510,568,43
1511,569,11
1512,569,12
1513,569,14
1514,570,45
1515,571,16
1516,571,18
1517,571,15
1518,571,17
1519,572,43
1520,572,44
1521,573,42
1522,573,41
1523,573,40
1524,574,45
1525,575,44
1526,575,43
1527,576,31
1528,576,32
1529,576,33
1530,577,44
1531,577,43
1532,578,18
1533,578,15
1534,579,11
1535,579,14
1536,580,28
1537,580,27
1538,581,45
1539,582,23
1540,582,24
1541,583,24
1542,583,25
1543,583,26
1544,584,40
1545,584,42
1546,585,27
1547,585,30
1548,585,28
1549,586,25
1550,586,23
1551,586,24
1552,586,26
1553,587,20
1554,587,21
1555,587,22
1556,588,43
1557,588,44
1558,589,37
1559,589,38
1560,589,39
1561,590,18
1562,590,17
1563,591,27
1564,591,30
1565,591,29
1566,591,28
1567,592,8
1568,592,6
1569,592,7
1570,592,10
1571,593,27
1572,593,28
1573,594,21
1574,594,22
1575,594,19
1576,594,20
1577,595,25
1578,595,24
1579,595,23
1580,595,26
1581,596,1
1582,596,3
1583,596,4
1584,596,5
1585,597,43
1586,597,44
1587,598,44
1588,598,43
1589,599,45
1590,600,13
1591,600,11
1592,601,18
1593,601,16
1594,602,21
1595,602,20
1596,602,19
1597,602,22
1598,603,24
1599,603,25
1600,603,23
1601,603,26
1602,604,28
1603,604,29
1604,604,27
1605,605,29
1606,605,30
1607,605,28
1608,606,24
1609,606,25
1610,607,45
1611,608,3
1612,608,1
1613,608,5
1614,608,4
1615,609,26
1616,609,23
1617,609,25
1618,609,24
1619,610,48
1620,610,47
1621,611,43
1622,611,44
1623,612,29
1624,612,28
1625,612,27
1626,612,30
1627,613,27
1628,613,28
1629,613,30
1630,614,37
1631,614,38
1632,614,39
1633,615,46
1634,616,31
1635,616,32
1636,616,33
1637,617,26
1638,617,23
1639,617,25
1640,617,24
1641,618,40
1642,618,42
1643,618,41
1644,619,40
1645,619,42
1646,620,47
1647,620,48
1648,621,27
1649,621,30
1650,622,19
1651,622,22
1652,622,20
1653,623,18
1654,623,17
1655,623,15
1656,624,31
1657,624,33
1658,625,12
1659,625,11
1660,625,13
1661,626,46
1662,627,8
1663,627,7
1664,627,10
1665,627,6
1666,628,33
1667,628,32
1668,629,18
1669,629,17
1670,630,30
1671,630,29
1672,630,27
1673,630,28
1674,631,23
1675,631,24
1676,632,48
1677,632,47
1678,633,15
1679,633,17
1680,633,18
1681,633,16
1682,634,25
1683,634,23
1684,634,24
1685,635,2
1686,635,4
1687,636,24
1688,636,23
1689,636,25
1690,637,16
1691,637,15
1692,638,4
1693,638,2
1694,638,5
1695,639,16
1696,639,17
1697,639,15
1698,639,18
1699,640,41
1700,640,40
1701,640,42
1702,641,38
1703,641,37
1704,641,39
1705,642,3
1706,642,1
1707,642,2
1708,643,28
1709,643,29
1710,644,33
1711,644,32
1712,644,31
1713,645,17
1714,645,16
1715,645,18
1716,646,15
1717,646,17
1718,646,18
1719,646,16
1720,647,47
1721,647,48
1722,648,8
1723,648,7
1724,649,18
1725,649,17
1726,649,15
1727,650,6
1728,650,9
1729,650,10
1730,650,7
1731,651,2
1732,651,5
1733,651,3
1734,651,1
1735,652,39
1736,652,38
1737,652,37
1738,653,38
1739,653,37
1740,654,27
1741,654,29
1742,655,9
1743,655,8
1744,656,43
1745,656,44
1746,657,44
1747,657,43
1748,658,25
1749,658,23
1750,658,24
1751,658,26
1752,659,38
1753,659,39
1754,660,19
1755,660,21
1756,660,20
1757,661,42
1758,661,41
1759,661,40
1760,662,17
1761,662,18
1762,662,15
1763,662,16
1764,663,23
1765,663,26
1766,663,24
1767,663,25
1768,664,7
1769,664,6
1770,664,10
1771,664,8
1772,665,45
1773,666,27
1774,666,30
1775,666,28
1776,666,29
1777,667,14
1778,667,11
1779,667,12
1780,668,2
1781,668,4
1782,668,3
1783,669,18
1784,669,16
1785,669,17
1786,670,47
1787,670,48
1788,671,12
1789,671,13
1790,671,11
1791,671,14
1792,672,30
1793,672,27
1794,672,28
1795,672,29
1796,673,24
1797,673,23
1798,673,25
1799,673,26
1800,674,22
1801,674,19
1802,675,17
1803,675,18
1804,675,16
1805,675,15
1806,676,18
1807,676,17
1808,677,18
1809,677,16
1810,678,45
1811,679,47
1812,679,48
1813,680,32
1814,680,33
1815,681,43
1816,681,44
1817,682,24
1818,682,23
1819,682,26
1820,682,25
1821,683,28
1822,683,30
1823,683,27
1824,684,39
1825,684,37
1826,684,38
1827,685,30
1828,685,28
1829,686,27
1830,686,30
1831,686,28
1832,686,29
1833,687,25
1834,687,26
1835,688,41
1836,688,42
1837,688,40
1838,689,9
1839,689,6
1840,689,10
1841,690,43
1842,690,44
1843,691,4
1844,691,1
1845,692,32
1846,692,33
1847,692,31
1848,693,36
1849,693,34
1850,694,29
1851,694,28
1852,694,30
1853,695,29
1854,695,28
1855,695,27
1856,696,21
1857,696,20
1858,697,43
1859,697,44
1860,698,13
1861,698,11
1862,699,44
1863,699,43
1864,700,32
1865,700,31
1866,700,33
1867,701,37
1868,701,39
1869,701,38
1870,702,4
1871,702,1
1872,702,5
1873,703,47
1874,703,48
1875,704,44
1876,704,43
1877,705,16
1878,705,18
1879,706,39
1880,706,37
1881,706,38
1882,707,42
1883,707,40
1884,707,41
1885,708,28
1886,708,30
1887,708,27
1888,709,38
1889,709,39
1890,709,37
1891,710,3
1892,710,4
1893,710,2
1894,711,46
1895,712,36
1896,712,34
1897,712,35
1898,713,6
1899,713,8
1900,713,10
1901,714,20
1902,714,19
1903,714,21
1904,715,27
1905,715,30
1906,716,41
1907,716,42
1908,716,40
1909,717,12
1910,717,14
1911,717,13
1912,717,11
1913,718,7
1914,718,9
1915,719,17
1916,719,15
1917,719,16
1918,719,18
1919,720,28
1920,720,29
1921,720,27
1922,721,18
1923,721,16
1924,721,15
1925,722,6
1926,722,10
1927,722,8
1928,723,45
1929,724,45
1930,725,30
1931,725,27
1932,725,28
1933,725,29
1934,726,23
1935,726,24
1936,727,23
1937,727,25
1938,728,9
1939,728,7
1940,729,16
1941,729,18
1942,730,40
1943,730,41
1944,730,42
1945,731,26
1946,731,25
1947,732,27
1948,732,30
1949,732,28
1950,732,29
1951,733,21
1952,733,19
1953,733,22
1954,733,20
1955,734,29
1956,734,28
1957,734,30
1958,735,30
1959,735,28
1960,735,29
1961,735,27
1962,736,18
1963,736,16
1964,736,15
1965,736,17
1966,737,44
1967,737,43
1968,738,21
1969,738,22
1970,738,20
1971,739,41
1972,739,42
1973,739,40
1974,740,33
1975,740,32
1976,740,31
1977,741,39
1978,741,38
1979,742,28
1980,742,29
1981,742,27
1982,742,30
1983,743,27
1984,743,29
1985,743,30
1986,743,28
1987,744,24
1988,744,26
1989,744,23
1990,745,29
1991,745,27
1992,746,6
1993,746,9
1994,747,27
1995,747,28
1996,747,29
1997,747,30
1998,748,33
1999,748,32
2000,749,13
2001,749,14
2002,749,11
2003,749,12
2004,750,16
2005,750,17
2006,750,15
2007,750,18
2008,751,28
2009,751,27
2010,752,45
2011,753,19
2012,753,22
2013,754,4
2014,754,1
2015,754,2
2016,754,5
2017,755,45
2018,756,10
2019,756,8
2020,756,9
2021,756,6
2022,757,45
2023,758,15
2024,758,17
2025,758,18
2026,759,28
2027,759,29
2028,760,18
2029,760,16
2030,760,17
2031,760,15
2032,761,15
2033,761,18
2034,761,16
2035,762,12
2036,762,11
2037,762,14
2038,762,13
2039,763,16
2040,763,15
2041,763,17
2042,764,21
2043,764,20
2044,764,19
2045,764,22
2046,765,27
2047,765,30
2048,765,29
2049,766,18
2050,766,15
2051,766,17
2052,766,16
2053,767,22
2054,767,20
2055,767,19
2056,768,43
2057,768,44
2058,769,44
2059,769,43
2060,770,48
2061,770,47
2062,771,35
2063,771,34
2064,772,47
2065,772,48
2066,773,22
2067,773,19
2068,774,33
2069,774,32
2070,775,19
2071,775,21
2072,775,20
2073,775,22
2074,776,47
2075,776,48
2076,777,27
2077,777,30
2078,778,27
2079,778,28
2080,778,30
2081,779,47
2082,779,48
2083,780,17
2084,780,18
2085,781,22
2086,781,21
2087,781,19
2088,781,20
2089,782,6
2090,782,7
2091,783,30
2092,783,28
2093,783,27
2094,783,29
2095,784,14
2096,784,13
2097,784,12
2098,784,11
2099,785,45
2100,786,27
2101,786,29
2102,786,28
2103,787,24
2104,787,25
2105,787,26
2106,788,30
2107,788,27
2108,789,25
2109,789,23
2110,789,24
2111,789,26
2112,790,47
2113,790,48
2114,791,28
2115,791,29
2116,792,29
2117,792,28
2118,792,30
2119,793,17
2120,793,15
2121,793,16
2122,793,18
2123,794,36
2124,794,35
2125,795,21
2126,795,19
2127,796,17
2128,796,16
2129,796,18
2130,796,15
2131,797,38
2132,797,37
2133,798,38
2134,798,37
2135,798,39
2136,799,23
2137,799,26
2138,800,27
2139,800,29
2140,801,26
2141,801,25
2142,801,23
2143,802,48
2144,802,47
2145,803,17
2146,803,16
2147,803,18
2148,804,16
2149,804,17
2150,804,18
2151,804,15
2152,805,27
2153,805,30
2154,805,29
2155,806,26
2156,806,23
2157,807,43
2158,807,44
2159,808,41
2160,808,42
2161,808,40
2162,809,46
2163,810,3
2164,810,5
2165,810,1
2166,810,4
2167,811,22
2168,811,21
2169,811,19
2170,812,11
2171,812,13
2172,812,12
2173,812,14
2174,813,40
2175,813,41
2176,813,42
2177,814,38
2178,814,37
2179,814,39
2180,815,40
2181,815,41
2182,816,37
2183,816,38
2184,817,6
2185,817,7
2186,818,42
2187,818,41
2188,819,48
2189,819,47
2190,820,6
2191,820,7
2192,820,9
2193,821,47
2194,821,48
2195,822,44
2196,822,43
2197,823,42
2198,823,41
2199,823,40
2200,824,11
2201,824,12
2202,825,39
2203,825,37
2204,825,38
2205,826,45
2206,827,29
2207,827,28
2208,827,30
2209,828,23
2210,828,25
2211,828,24
2212,829,10
2213,829,6
2214,829,8
2215,829,7
2216,830,17
2217,830,18
2218,831,13
2219,831,12
2220,832,24
2221,832,23
2222,832,25
2223,833,12
2224,833,13
2225,834,13
2226,834,12
2227,834,11
2228,834,14
2229,835,38
2230,835,39
2231,836,24
2232,836,25
2233,836,26
2234,837,44
2235,837,43
2236,838,46
2237,839,37
2238,839,39
2239,839,38
2240,840,45
2241,841,19
2242,841,21
2243,842,42
2244,842,41
2245,843,6
2246,843,9
2247,844,13
2248,844,12
2249,845,23
2250,845,26
2251,846,3
2252,846,4
2253,846,2
2254,846,1
2255,847,1
2256,847,5
2257,848,41
2258,848,42
2259,849,42
2260,849,41
2261,849,40
2262,850,30
2263,850,28
2264,851,18
2265,851,15
2266,851,17
2267,852,29
2268,852,28
2269,852,27
2270,853,4
2271,853,2
2272,853,3
2273,854,6
2274,854,7
2275,855,29
2276,855,30
2277,855,27
2278,855,28
2279,856,29
2280,856,28
2281,856,27
2282,856,30
2283,857,30
2284,857,28
2285,858,36
2286,858,35
2287,859,30
2288,859,29
2289,859,28
2290,860,36
2291,860,35
2292,860,34
2293,861,32
2294,861,33
2295,862,25
2296,862,24
2297,862,23
2298,863,25
2299,863,26
2300,863,24
2301,864,28
2302,864,27
2303,865,37
2304,865,39
2305,865,38
2306,866,14
2307,866,12
2308,867,30
2309,867,27
2310,868,42
2311,868,41
2312,869,30
2313,869,28
2314,869,29
2315,869,27
2316,870,18
2317,870,17
2318,870,16
2319,870,15
2320,871,47
2321,871,48
2322,872,25
2323,872,26
2324,872,24
2325,873,17
2326,873,18
2327,873,16
2328,874,39
2329,874,38
2330,875,39
2331,875,37
2332,875,38
2333,876,27
2334,876,30
2335,877,34
2336,877,36
2337,877,35
2338,878,3
2339,878,5
2340,878,1
2341,878,2
2342,879,18
2343,879,15
2344,879,16
2345,879,17
2346,880,30
2347,880,28
2348,880,29
2349,881,8
2350,881,7
2351,881,10
2352,881,9
2353,882,38
2354,882,39
2355,882,37
2356,883,43
2357,883,44
2358,884,46
2359,885,17
2360,885,16
2361,886,15
2362,886,17
2363,886,18
2364,886,16
2365,887,19
2366,887,21
2367,887,20
2368,888,13
2369,888,11
2370,888,14
2371,889,9
2372,889,6
2373,889,7
2374,889,8
2375,890,20
2376,890,19
2377,890,21
2378,890,22
2379,891,39
2380,891,37
2381,892,39
2382,892,37
2383,892,38
2384,893,29
2385,893,28
2386,893,30
2387,894,37
2388,894,38
2389,895,23
2390,895,26
2391,895,25
2392,896,4
2393,896,3
2394,896,2
2395,897,48
2396,897,47
2397,898,15
2398,898,16
2399,899,46
2400,900,29
2401,900,28
2402,900,27
2403,901,29
2404,901,28
2405,901,27
2406,902,23
2407,902,24
2408,902,25
2409,902,26
2410,903,11
2411,903,12
2412,903,13
2413,904,26
2414,904,23
2415,904,25
2416,905,32
2417,905,33
2418,905,31
2419,906,3
2420,906,4
2421,906,2
2422,906,1
2423,907,6
2424,907,10
2425,907,9
2426,908,30
2427,908,27
2428,909,33
2429,909,31
2430,910,5
2431,910,2
2432,910,4
2433,910,1
2434,911,24
2435,911,23
2436,911,25
2437,911,26
2438,912,47
2439,912,48
2440,913,12
2441,913,11
2442,913,14
2443,913,13
2444,914,5
2445,914,1
2446,915,29
2447,915,28
2448,915,27
2449,915,30
2450,916,28
2451,916,27
2452,916,30
2453,917,3
2454,917,5
2455,917,1
2456,918,39
2457,918,37
2458,919,40
2459,919,41
2460,919,42
2461,920,28
2462,920,30
2463,920,27
2464,921,36
2465,921,35
2466,921,34
2467,922,42
2468,922,41
2469,922,40
2470,923,6
2471,923,10
2472,923,8
2473,924,22
2474,924,21
2475,925,29
2476,925,27
2477,925,30
2478,926,30
2479,926,29
2480,926,27
2481,926,28
2482,927,23
2483,927,26
2484,927,25
2485,927,24
2486,928,24
2487,928,25
2488,929,18
2489,929,17
2490,929,15
2491,930,39
2492,930,37
2493,930,38
2494,931,18
2495,931,15
2496,931,17
2497,931,16
2498,932,17
2499,932,15
2500,933,24
2501,933,26
2502,934,25
2503,934,26
2504,935,16
2505,935,15
2506,935,17
2507,936,43
2508,936,44
2509,937,43
2510,937,44
2511,938,33
2512,938,31
2513,939,38
2514,939,39
2515,939,37
2516,940,17
2517,940,15
2518,940,16
2519,940,18
2520,941,18
2521,941,16
2522,941,15
2523,941,17
2524,942,29
2525,942,28
2526,943,25
2527,943,23
2528,943,26
2529,943,24
2530,944,28
2531,944,27
2532,945,29
2533,945,30
2534,946,29
2535,946,28
2536,946,27
2537,947,20
2538,947,22
2539,948,18
2540,948,15
2541,949,33
2542,949,31
2543,949,32
2544,950,43
2545,950,44
2546,951,16
2547,951,17
2548,951,18
2549,952,1
2550,952,4
2551,953,42
2552,953,40
2553,954,35
2554,954,34
2555,954,36
2556,955,4
2557,955,2
2558,955,3
2559,955,5
2560,956,18
2561,956,17
2562,957,14
2563,957,12
2564,957,13
2565,957,11
2566,958,18
2567,958,15
2568,958,17
2569,958,16
2570,959,34
2571,959,35
2572,959,36
2573,960,25
2574,960,23
2575,961,28
2576,961,29
2577,961,30
2578,961,27
2579,962,28
2580,962,30
2581,963,3
2582,963,4
2583,963,2
2584,963,5
2585,964,45
2586,965,30
2587,965,29
2588,965,27
2589,966,28
2590,966,30
2591,967,47
2592,967,48
2593,968,28
2594,968,30
2595,968,27
2596,968,29
2597,969,45
2598,970,31
2599,970,33
2600,970,32
2601,971,38
2602,971,39
2603,972,41
2604,972,42
2605,972,40
2606,973,42
2607,973,40
2608,974,28
2609,974,29
2610,974,27
2611,975,27
2612,975,29
2613,975,30
2614,975,28
2615,976,25
2616,976,26
2617,976,24
2618,976,23
2619,977,33
2620,977,31
2621,978,31
2622,978,32
2623,979,44
2624,979,43
2625,980,25
2626,980,23
2627,980,26
2628,981,5
2629,981,4
2630,981,2
2631,982,18
2632,982,17
2633,982,15
2634,982,16
2635,983,24
2636,983,25
2637,983,26
2638,983,23
2639,984,41
2640,984,40
2641,985,29
2642,985,28
2643,985,27
2644,985,30
2645,986,13
2646,986,14
2647,987,37
2648,987,38
2649,987,39
2650,988,12
2651,988,13
2652,988,14
2653,989,25
2654,989,26
2655,989,24
2656,989,23
2657,990,27
2658,990,30
2659,991,31
2660,991,33
2661,991,32
2662,992,34
2663,992,36
2664,992,35
2665,993,27
2666,993,28
2667,993,29
2668,993,30
2669,994,12
2670,994,14
2671,994,13
2672,994,11
2673,995,38
2674,995,37
2675,995,39
2676,996,12
2677,996,14
2678,997,1
2679,997,4
2680,997,3
2681,998,40
2682,998,41
2683,998,42
2684,999,29
2685,999,30
2686,1000,24
2687,1000,23
2688,1001,11
2689,1001,14
2690,1001,13
2691,1002,45
2692,1003,39
2693,1003,37
2694,1004,15
2695,1004,16
2696,1005,19
2697,1005,22
2698,1005,21
2699,1005,20
2700,1006,34
2701,1006,35
2702,1006,36
2703,1007,42
2704,1007,40
2705,1008,30
2706,1008,27
2707,1008,29
2708,1009,8
2709,1009,7
2710,1010,44
2711,1010,43
2712,1011,37
2713,1011,39
2714,1012,39
2715,1012,38
2716,1013,48
2717,1013,47
2718,1014,24
2719,1014,26
2720,1015,31
2721,1015,33
2722,1016,36
2723,1016,34
2724,1016,35
2725,1017,47
2726,1017,48
2727,1018,37
2728,1018,38
2729,1018,39
2730,1019,40
2731,1019,41
2732,1020,29
2733,1020,27
2734,1020,28
2735,1021,34
2736,1021,36
2737,1021,35
2738,1022,48
2739,1022,47
2740,1023,27
2741,1023,29
2742,1023,28
2743,1023,30
2744,1024,12
2745,1024,11
2746,1024,14
2747,1024,13
2748,1025,27
2749,1025,29
2750,1026,9
2751,1026,10
2752,1026,7
2753,1026,6
2754,1027,10
2755,1027,6
2756,1027,7
2757,1028,38
2758,1028,39
2759,1028,37
2760,1029,48
2761,1029,47
2762,1030,21
2763,1030,22
2764,1031,30
2765,1031,28
2766,1031,29
2767,1032,44
2768,1032,43
2769,1033,30
2770,1033,28
2771,1034,17
2772,1034,15
2773,1034,16
2774,1034,18
2775,1035,29
2776,1035,28
2777,1035,27
2778,1035,30
2779,1036,18
2780,1036,17
2781,1037,38
2782,1037,39
2783,1038,16
2784,1038,17
2785,1038,18
2786,1039,13
2787,1039,14
2788,1039,12
2789,1040,43
2790,1040,44
2791,1041,37
2792,1041,39
2793,1041,38
2794,1042,45
2795,1043,29
2796,1043,27
2797,1043,28
2798,1043,30
2799,1044,46
2800,1045,20
2801,1045,19
2802,1045,22
2803,1046,21
2804,1046,22
2805,1047,27
2806,1047,30
2807,1047,29
2808,1047,28
2809,1048,43
2810,1048,44
2811,1049,48
2812,1049,47
2813,1050,37
2814,1050,39
2815,1050,38
2816,1051,20
2817,1051,21
2818,1051,22
2819,1051,19
2820,1052,25
2821,1052,23
2822,1052,24
2823,1053,42
2824,1053,41
2825,1053,40
2826,1054,15
2827,1054,17
2828,1054,16
2829,1054,18
2830,1055,11
2831,1055,13
2832,1055,12
2833,1056,27
2834,1056,30
2835,1056,29
2836,1057,47
2837,1057,48
2838,1058,16
2839,1058,17
2840,1058,18
2841,1058,15
2842,1059,38
2843,1059,37
2844,1059,39
2845,1060,15
2846,1060,17
2847,1061,13
2848,1061,11
2849,1061,12
2850,1062,30
2851,1062,27
2852,1063,19
2853,1063,22
2854,1064,7
2855,1064,10
2856,1065,48
2857,1065,47
2858,1066,12
2859,1066,14
2860,1067,26
2861,1067,25
2862,1067,23
2863,1068,39
2864,1068,37
2865,1068,38
2866,1069,46
2867,1070,40
2868,1070,41
2869,1071,28
2870,1071,27
2871,1071,30
2872,1071,29
2873,1072,28
2874,1072,27
2875,1072,29
2876,1072,30
2877,1073,15
2878,1073,17
2879,1073,18
2880,1074,13
2881,1074,11
2882,1074,12
2883,1075,25
2884,1075,24
2885,1076,45
2886,1077,48
2887,1077,47
2888,1078,26
2889,1078,24
2890,1078,25
2891,1078,23
2892,1079,47
2893,1079,48
2894,1080,36
2895,1080,34
2896,1080,35
2897,1081,37
2898,1081,39
2899,1081,38
2900,1082,26
2901,1082,23
2902,1083,25
2903,1083,26
2904,1083,23
2905,1084,33
2906,1084,32
2907,1084,31
2908,1085,42
2909,1085,41
2910,1086,18
2911,1086,15
2912,1086,17
2913,1086,16
2914,1087,32
2915,1087,31
2916,1087,33
2917,1088,48
2918,1088,47
2919,1089,32
2920,1089,31
2921,1089,33
2922,1090,37
2923,1090,38
2924,1090,39
2925,1091,22
2926,1091,21
2927,1091,19
2928,1091,20
2929,1092,33
2930,1092,31
2931,1093,10
2932,1093,9
2933,1093,8
2934,1093,6
2935,1094,45
2936,1095,12
2937,1095,14
2938,1095,13
2939,1096,31
2940,1096,32
2941,1096,33
2942,1097,28
2943,1097,29
2944,1097,27
2945,1097,30
2946,1098,17
2947,1098,16
2948,1099,45
2949,1100,7
2950,1100,8
2951,1100,6
2952,1100,9
2953,1101,26
2954,1101,24
2955,1101,23
2956,1102,4
2957,1102,3
2958,1102,2
2959,1103,4
2960,1103,3
2961,1103,1
2962,1103,5
2963,1104,21
2964,1104,20
2965,1105,31
2966,1105,32
2967,1106,36
2968,1106,35
2969,1106,34
2970,1107,38
2971,1107,39
2972,1107,37
2973,1108,19
2974,1108,21
2975,1108,22
2976,1109,11
2977,1109,12
2978,1109,14
2979,1110,48
2980,1110,47
2981,1111,9
2982,1111,10
2983,1111,8
2984,1111,6
2985,1112,16
2986,1112,15
2987,1112,17
2988,1113,41
2989,1113,42
2990,1113,40
2991,1114,44
2992,1114,43
2993,1115,17
2994,1115,15
2995,1116,8
2996,1116,10
2997,1116,9
2998,1116,7
2999,1117,33
3000,1117,31
3001,1117,32
3002,1118,25
3003,1118,23
3004,1119,21
3005,1119,19
3006,1119,20
3007,1120,10
3008,1120,9
3009,1120,8
3010,1121,38
3011,1121,39
3012,1121,37
3013,1122,28
3014,1122,30
3015,1122,29
3016,1123,39
3017,1123,37
3018,1123,38
3019,1124,26
3020,1124,23
3021,1124,25
3022,1124,24
3023,1125,10
3024,1125,9
3025,1125,7
3026,1125,8
3027,1126,44
3028,1126,43
3029,1127,17
3030,1127,15
3031,1128,43
3032,1128,44
3033,1129,18
3034,1129,16
3035,1129,17
3036,1129,15
3037,1130,29
3038,1130,28
3039,1130,27
3040,1130,30
3041,1131,8
3042,1131,10
3043,1132,46
3044,1133,32
3045,1133,33
3046,1134,27
3047,1134,29
3048,1134,30
3049,1135,32
3050,1135,33
3051,1136,27
3052,1136,29
3053,1136,28
3054,1137,7
3055,1137,8
3056,1137,10
3057,1138,29
3058,1138,28
3059,1138,27
3060,1138,30
3061,1139,5
3062,1139,3
3063,1139,1
3064,1140,44
3065,1140,43
3066,1141,1
3067,1141,4
3068,1141,5
3069,1141,2
3070,1142,31
3071,1142,32
3072,1142,33
3073,1143,42
3074,1143,40
3075,1143,41
3076,1144,31
3077,1144,33
3078,1144,32
3079,1145,18
3080,1145,17
3081,1146,39
3082,1146,38
3083,1146,37
3084,1147,15
3085,1147,18
3086,1148,43
3087,1148,44
3088,1149,42
3089,1149,41
3090,1149,40
3091,1150,31
3092,1150,32
3093,1150,33
3094,1151,27
3095,1151,28
3096,1151,30
3097,1151,29
3098,1152,47
3099,1152,48
3100,1153,16
3101,1153,17
3102,1153,15
3103,1154,9
3104,1154,8
3105,1154,7
3106,1155,36
3107,1155,34
3108,1155,35
3109,1156,11
3110,1156,13
3111,1156,14
3112,1156,12
3113,1157,28
3114,1157,27
3115,1157,30
3116,1158,34
3117,1158,35
3118,1159,8
3119,1159,6
3120,1160,16
3121,1160,17
3122,1160,15
3123,1161,11
3124,1161,14
3125,1161,12
3126,1161,13
3127,1162,29
3128,1162,30
3129,1163,28
3130,1163,27
3131,1163,30
3132,1164,6
3133,1164,9
3134,1165,20
3135,1165,22
3136,1165,21
3137,1165,19
3138,1166,39
3139,1166,37
3140,1166,38
3141,1167,33
3142,1167,31
3143,1167,32
3144,1168,41
3145,1168,40
3146,1169,24
3147,1169,26
3148,1170,27
3149,1170,28
3150,1171,33
3151,1171,31
3152,1172,18
3153,1172,15
3154,1173,19
3155,1173,22
3156,1173,21
3157,1173,20
3158,1174,21
3159,1174,20
3160,1174,22
3161,1174,19
3162,1175,16
3163,1175,15
3164,1176,36
3165,1176,34
3166,1177,12
3167,1177,11
3168,1178,12
3169,1178,13
3170,1179,26
3171,1179,25
3172,1179,23
3173,1180,38
3174,1180,39
3175,1180,37
3176,1181,29
3177,1181,27
3178,1182,41
3179,1182,40
3180,1182,42
3181,1183,31
3182,1183,33
3183,1184,30
3184,1184,27
3185,1185,26
3186,1185,24
3187,1185,25
3188,1185,23
3189,1186,17
3190,1186,18
3191,1186,15
3192,1186,16
3193,1187,46
3194,1188,28
3195,1188,30
3196,1188,29
3197,1189,44
3198,1189,43
3199,1190,21
3200,1190,22
3201,1190,19
3202,1190,20
3203,1191,44
3204,1191,43
3205,1192,38
3206,1192,37
3207,1192,39
3208,1193,6
3209,1193,10
3210,1194,12
3211,1194,14
3212,1194,13
3213,1195,46
3214,1196,30
3215,1196,27
3216,1196,29
3217,1197,11
3218,1197,12
3219,1198,9
3220,1198,6
3221,1198,7
3222,1199,18
3223,1199,15
3224,1199,16
3225,1199,17
3226,1200,40
3227,1200,41
3228,1201,31
3229,1201,32
3230,1202,29
3231,1202,27
3232,1202,28
3233,1203,6
3234,1203,10
3235,1204,46
3236,1205,27
3237,1205,28
3238,1206,32
3239,1206,33
3240,1207,37
3241,1207,38
3242,1207,39
3243,1208,38
3244,1208,37
3245,1208,39
3246,1209,30
3247,1209,27
3248,1209,28
3249,1209,29
3250,1210,35
3251,1210,34
3252,1210,36
3253,1211,16
3254,1211,18
3255,1211,17
3256,1212,37
3257,1212,38
3258,1212,39
3259,1213,11
3260,1213,14
3261,1213,13
3262,1214,29
3263,1214,27
3264,1215,38
3265,1215,39
3266,1216,43
3267,1216,44
3268,1217,26
3269,1217,23
3270,1217,24
3271,1217,25
3272,1218,45
3273,1219,30
3274,1219,28
3275,1219,27
3276,1220,23
3277,1220,25
3278,1221,28
3279,1221,27
3280,1222,43
3281,1222,44
3282,1223,24
3283,1223,26
3284,1223,25
3285,1223,23
3286,1224,25
3287,1224,26
3288,1224,24
3289,1225,20
3290,1225,19
3291,1225,21
3292,1225,22
3293,1226,14
3294,1226,13
3295,1226,12
3296,1227,25
3297,1227,24
3298,1227,23
3299,1227,26
3300,1228,22
3301,1228,19
3302,1228,21
3303,1229,30
3304,1229,29
3305,1229,28
3306,1230,10
3307,1230,8
3308,1230,6
3309,1230,9
3310,1231,37
3311,1231,39
3312,1231,38
3313,1232,1
3314,1232,3
3315,1233,37
3316,1233,39
3317,1234,16
3318,1234,18
3319,1235,32
3320,1235,33
3321,1236,24
3322,1236,23
3323,1236,26
3324,1237,30
3325,1237,27
3326,1237,29
3327,1238,21
3328,1238,22
3329,1239,32
3330,1239,31
3331,1239,33
3332,1240,46
3333,1241,24
3334,1241,26
3335,1241,25
3336,1242,36
3337,1242,34
3338,1242,35
3339,1243,39
3340,1243,38
3341,1244,45
3342,1245,25
3343,1245,26
3344,1246,26
3345,1246,25
3346,1247,45
3347,1248,5
3348,1248,4
3349,1248,2
3350,1248,1
3351,1249,11
3352,1249,13
3353,1249,14
3354,1250,20
3355,1250,22
3356,1251,39
3357,1251,37
3358,1252,17
3359,1252,16
3360,1252,15
3361,1253,24
3362,1253,25
3363,1253,26
3364,1254,6
3365,1254,9
3366,1254,7
3367,1254,10
3368,1255,9
3369,1255,7
3370,1256,26
3371,1256,23
3372,1257,40
3373,1257,41
3374,1257,42
3375,1258,15
3376,1258,16
3377,1258,18
3378,1258,17
3379,1259,38
3380,1259,37
3381,1259,39
3382,1260,37
3383,1260,38
3384,1260,39
3385,1261,46
3386,1262,29
3387,1262,30
3388,1262,28
3389,1262,27
3390,1263,44
3391,1263,43
3392,1264,21
3393,1264,20
3394,1264,22
3395,1265,17
3396,1265,16
3397,1266,34
3398,1266,36
3399,1266,35
3400,1267,7
3401,1267,9
3402,1267,8
3403,1267,6
3404,1268,18
3405,1268,17
3406,1268,15
3407,1269,28
3408,1269,30
3409,1270,1
3410,1270,5
3411,1271,28
3412,1271,30
3413,1271,29
3414,1272,26
3415,1272,25
3416,1273,27
3417,1273,30
3418,1273,28
3419,1273,29
3420,1274,12
3421,1274,13
3422,1274,11
3423,1275,33
3424,1275,32
3425,1276,28
3426,1276,27
3427,1276,30
3428,1277,28
3429,1277,30
3430,1278,26
3431,1278,23
3432,1278,24
3433,1278,25
3434,1279,27
3435,1279,29
3436,1279,28
3437,1280,30
3438,1280,29
3439,1281,39
3440,1281,37
3441,1281,38
3442,1282,27
3443,1282,29
3444,1282,28
3445,1282,30
3446,1283,7
3447,1283,8
3448,1283,10
3449,1283,6
3450,1284,27
3451,1284,28
3452,1284,30
3453,1285,1
3454,1285,4
3455,1286,9
3456,1286,7
3457,1286,8
3458,1286,6
3459,1287,31
3460,1287,33
3461,1287,32
3462,1288,25
3463,1288,24
3464,1288,23
3465,1289,2
3466,1289,5
3467,1289,3
3468,1290,24
3469,1290,26
3470,1291,26
3471,1291,24
3472,1291,23
3473,1291,25
3474,1292,25
3475,1292,26
3476,1292,23
3477,1292,24
3478,1293,46
3479,1294,8
3480,1294,10
3481,1294,9
3482,1295,16
3483,1295,17
3484,1295,15
3485,1296,24
3486,1296,23
3487,1296,25
3488,1297,44
3489,1297,43
3490,1298,10
3491,1298,7
3492,1298,9
3493,1298,6
3494,1299,11
3495,1299,13
3496,1299,14
3497,1300,22
3498,1300,19
3499,1300,21
3500,1300,20
3501,1301,46
3502,1302,39
3503,1302,37
3504,1302,38
3505,1303,38
3506,1303,39
3507,1303,37
3508,1304,43
3509,1304,44
3510,1305,48
3511,1305,47
3512,1306,6
3513,1306,9
3514,1307,38
3515,1307,37
3516,1308,30
3517,1308,29
3518,1308,28
3519,1309,28
3520,1309,30
3521,1310,44
3522,1310,43
3523,1311,24
3524,1311,26
3525,1312,13
3526,1312,12
3527,1312,14
3528,1312,11
3529,1313,24
3530,1313,23
3531,1313,25
3532,1313,26
3533,1314,24
3534,1314,26
3535,1314,25
3536,1314,23
3537,1315,17
3538,1315,16
3539,1316,9
3540,1316,8
3541,1317,24
3542,1317,25
3543,1318,26
3544,1318,23
3545,1318,25
3546,1318,24
3547,1319,9
3548,1319,7
3549,1319,8
3550,1319,10
3551,1320,48
3552,1320,47
3553,1321,30
3554,1321,27
3555,1321,29
3556,1321,28
3557,1322,38
3558,1322,39
3559,1322,37
3560,1323,34
3561,1323,36
3562,1323,35
3563,1324,28
3564,1324,29
3565,1325,19
3566,1325,20
3567,1325,21
3568,1325,22
3569,1326,11
3570,1326,13
3571,1327,23
3572,1327,24
3573,1328,30
3574,1328,29
3575,1329,45
3576,1330,46
3577,1331,7
3578,1331,9
3579,1331,6
3580,1331,10
3581,1332,30
3582,1332,27
3583,1333,39
3584,1333,38
3585,1333,37
3586,1334,23
3587,1334,25
3588,1334,26
3589,1334,24
3590,1335,16
3591,1335,18
3592,1335,17
3593,1335,15
3594,1336,16
3595,1336,18
3596,1337,28
3597,1337,27
3598,1337,30
3599,1337,29
3600,1338,45
3601,1339,26
3602,1339,25
3603,1339,23
3604,1340,16
3605,1340,17
3606,1340,15
3607,1341,47
3608,1341,48
3609,1342,46
3610,1343,43
3611,1343,44
3612,1344,13
3613,1344,12
3614,1344,14
3615,1345,44
3616,1345,43
3617,1346,20
3618,1346,22
3619,1346,19
3620,1346,21
3621,1347,13
3622,1347,12
3623,1348,18
3624,1348,17
3625,1348,16
3626,1348,15
3627,1349,16
3628,1349,15
3629,1349,17
3630,1350,32
3631,1350,31
3632,1351,30
3633,1351,29
3634,1351,28
3635,1352,11
3636,1352,12
3637,1352,13
3638,1353,6
3639,1353,8
3640,1353,9
3641,1353,10
3642,1354,47
3643,1354,48
3644,1355,27
3645,1355,30
3646,1355,28
3647,1355,29
3648,1356,36
3649,1356,34
3650,1357,35
3651,1357,36
3652,1357,34
3653,1358,23
3654,1358,24
3655,1358,26
3656,1359,17
3657,1359,18
3658,1359,15
3659,1360,6
3660,1360,9
3661,1360,8
3662,1361,44
3663,1361,43
3664,1362,43
3665,1362,44
3666,1363,41
3667,1363,42
3668,1364,44
3669,1364,43
3670,1365,24
3671,1365,25
3672,1366,37
3673,1366,39
3674,1366,38
3675,1367,31
3676,1367,33
3677,1368,33
3678,1368,32
3679,1368,31
3680,1369,31
3681,1369,32
3682,1369,33
3683,1370,28
3684,1370,30
3685,1370,29
3686,1371,4
3687,1371,2
3688,1371,1
3689,1371,5
3690,1372,18
3691,1372,16
3692,1373,19
3693,1373,21
3694,1374,46
3695,1375,44
3696,1375,43
3697,1376,17
3698,1376,16
3699,1377,44
3700,1377,43
3701,1378,40
3702,1378,42
3703,1378,41
3704,1379,18
3705,1379,15
3706,1379,16
3707,1379,17
3708,1380,29
3709,1380,27
3710,1380,30
3711,1381,8
3712,1381,6
3713,1382,22
3714,1382,20
3715,1383,41
3716,1383,40
3717,1383,42
3718,1384,38
3719,1384,37
3720,1384,39
3721,1385,25
3722,1385,26
3723,1386,44
3724,1386,43
3725,1387,17
3726,1387,18
3727,1387,15
3728,1388,31
3729,1388,32
3730,1388,33
3731,1389,25
3732,1389,26
3733,1389,24
3734,1390,19
3735,1390,22
3736,1390,21
3737,1391,45
3738,1392,12
3739,1392,14
3740,1392,13
3741,1392,11
3742,1393,15
3743,1393,17
3744,1394,10
3745,1394,7
3746,1394,6
3747,1395,14
3748,1395,13
3749,1396,30
3750,1396,29
3751,1396,27
3752,1397,42
3753,1397,41
3754,1398,15
3755,1398,17
3756,1398,18
3757,1398,16
3758,1399,29
3759,1399,28
3760,1399,30
3761,1400,24
3762,1400,26
3763,1400,23
3764,1400,25
3765,1401,33
3766,1401,32
3767,1401,31
3768,1402,18
3769,1402,17
3770,1402,15
3771,1403,40
3772,1403,41
3773,1403,42
3774,1404,46
3775,1405,30
3776,1405,28
3777,1405,27
3778,1406,40
3779,1406,41
3780,1407,27
3781,1407,29
3782,1407,28
3783,1407,30
3784,1408,15
3785,1408,16
3786,1408,18
3787,1408,17
3788,1409,16
3789,1409,18
3790,1409,17
3791,1409,15
3792,1410,21
3793,1410,20
3794,1410,22
3795,1410,19
3796,1411,30
3797,1411,28
3798,1412,26
3799,1412,25
3800,1412,24
3801,1413,9
3802,1413,10
3803,1414,46
3804,1415,37
3805,1415,39
3806,1416,29
3807,1416,30
3808,1416,27
3809,1417,40
3810,1417,42
3811,1418,14
3812,1418,13
3813,1418,11
3814,1419,45
3815,1420,29
3816,1420,28
3817,1420,27
3818,1420,30
3819,1421,46
3820,1422,32
3821,1422,31
3822,1422,33
3823,1423,10
3824,1423,8
3825,1423,9
3826,1424,10
3827,1424,7
3828,1425,23
3829,1425,24
3830,1425,25
3831,1426,30
3832,1426,28
3833,1426,29
3834,1427,29
3835,1427,30
3836,1427,28
3837,1427,27
3838,1428,23
3839,1428,26
3840,1428,24
3841,1428,25
3842,1429,27
3843,1429,28
3844,1429,30
3845,1430,13
3846,1430,14
3847,1430,11
3848,1430,12
3849,1431,27
3850,1431,30
3851,1431,29
3852,1432,3
3853,1432,5
3854,1432,2
3855,1432,4
3856,1433,45
3857,1434,45
3858,1435,16
3859,1435,17
3860,1435,15
3861,1435,18
3862,1436,6
3863,1436,9
3864,1436,10
3865,1437,24
3866,1437,25
3867,1437,23
3868,1438,28
3869,1438,30
3870,1439,27
3871,1439,30
3872,1440,30
3873,1440,29
3874,1440,28
3875,1440,27
3876,1441,24
3877,1441,26
3878,1441,25
3879,1442,29
3880,1442,28
3881,1443,22
3882,1443,19
3883,1444,46
3884,1445,10
3885,1445,7
3886,1445,8
3887,1446,43
3888,1446,44
3889,1447,39
3890,1447,37
3891,1447,38
3892,1448,28
3893,1448,29
3894,1448,27
3895,1449,38
3896,1449,39
3897,1450,1
3898,1450,4
3899,1451,22
3900,1451,21
3901,1451,19
3902,1452,28
3903,1452,30
3904,1452,27
3905,1452,29
3906,1453,22
3907,1453,19
3908,1453,20
3909,1453,21
3910,1454,15
3911,1454,18
3912,1454,17
3913,1454,16
3914,1455,21
3915,1455,20
3916,1455,22
3917,1455,19
3918,1456,7
3919,1456,10
3920,1457,39
3921,1457,38
3922,1457,37
3923,1458,16
3924,1458,18
3925,1459,25
3926,1459,23
3927,1459,26
3928,1460,48
3929,1460,47
3930,1461,26
3931,1461,25
3932,1461,24
3933,1461,23
3934,1462,29
3935,1462,28
3936,1462,30
3937,1463,39
3938,1463,37
3939,1463,38
3940,1464,33
3941,1464,32
3942,1464,31
3943,1465,9
3944,1465,10
3945,1465,6
3946,1466,17
3947,1466,16
3948,1466,18
3949,1466,15
3950,1467,43
3951,1467,44
3952,1468,41
3953,1468,40
3954,1469,42
3955,1469,41
3956,1469,40
3957,1470,8
3958,1470,7
3959,1470,6
3960,1471,15
3961,1471,16
3962,1472,37
3963,1472,38
3964,1472,39
3965,1473,26
3966,1473,24
3967,1474,40
3968,1474,41
3969,1474,42
3970,1475,14
3971,1475,11
3972,1475,12
3973,1475,13
3974,1476,23
3975,1476,24
3976,1476,25
3977,1476,26
3978,1477,3
3979,1477,1
3980,1477,5
3981,1477,4
3982,1478,43
3983,1478,44
3984,1479,44
3985,1479,43
3986,1480,42
3987,1480,41
3988,1481,42
3989,1481,41
3990,1481,40
3991,1482,7
3992,1482,6
3993,1482,9
3994,1483,23
3995,1483,24
3996,1483,26
3997,1483,25
3998,1484,42
3999,1484,41
4000,1484,40
4001,1485,13
4002,1485,14
4003,1485,11
4004,1486,1
4005,1486,5
4006,1487,30
4007,1487,29
4008,1488,37
4009,1488,38
4010,1489,45
4011,1490,43
4012,1490,44
4013,1491,15
4014,1491,16
4015,1492,18
4016,1492,16
4017,1493,20
4018,1493,21
4019,1493,22
4020,1493,19
4021,1494,29
4022,1494,28
4023,1494,27
4024,1494,30
4025,1495,42
4026,1495,41
4027,1496,27
4028,1496,30
4029,1497,23
4030,1497,24
4031,1497,25
4032,1498,13
4033,1498,11
4034,1498,14
4035,1498,12
4036,1499,38
4037,1499,39
4038,1499,37
4039,1500,17
4040,1500,16
4041,1500,15
4042,1500,18
4043,1501,27
4044,1501,30
4045,1501,28
4046,1501,29
4047,1502,39
4048,1502,38
4049,1502,37
4050,1503,36
4051,1503,34
4052,1503,35
4053,1504,27
4054,1504,30
4055,1505,11
4056,1505,13
4057,1505,14
4058,1505,12
4059,1506,45
4060,1507,42
4061,1507,40
4062,1507,41
4063,1508,30
4064,1508,29
4065,1509,26
4066,1509,24
4067,1509,23
4068,1510,18
4069,1510,15
4070,1510,17
4071,1510,16
4072,1511,45
4073,1512,40
4074,1512,42
4075,1513,47
4076,1513,48
4077,1514,43
4078,1514,44
4079,1515,5
4080,1515,3
4081,1516,18
4082,1516,15
4083,1516,16
4084,1517,15
4085,1517,16
4086,1517,18
4087,1517,17
4088,1518,16
4089,1518,15
4090,1518,17
4091,1519,27
4092,1519,29
4093,1519,28
4094,1519,30
4095,1520,48
4096,1520,47
4097,1521,44
4098,1521,43
4099,1522,9
4100,1522,8
4101,1522,10
4102,1522,6
4103,1523,31
4104,1523,32
4105,1523,33
4106,1524,25
4107,1524,26
4108,1524,24
4109,1524,23
4110,1525,28
4111,1525,29
4112,1525,30
4113,1526,41
4114,1526,42
4115,1527,35
4116,1527,36
4117,1528,46
4118,1529,33
4119,1529,31
4120,1529,32
4121,1530,25
4122,1530,26
4123,1531,14
4124,1531,11
4125,1532,25
4126,1532,24
4127,1533,35
4128,1533,36
4129,1533,34
4130,1534,20
4131,1534,21
4132,1535,23
4133,1535,25
4134,1535,24
4135,1536,26
4136,1536,25
4137,1537,13
4138,1537,14
4139,1538,7
4140,1538,10
4141,1538,8
4142,1538,6
4143,1539,38
4144,1539,39
4145,1540,8
4146,1540,7
4147,1540,6
4148,1540,10
4149,1541,46
4150,1542,18
4151,1542,17
4152,1542,16
4153,1543,28
4154,1543,30
4155,1544,46
4156,1545,22
4157,1545,19
4158,1545,20
4159,1545,21
4160,1546,18
4161,1546,16
4162,1546,15
4163,1547,17
4164,1547,15
4165,1547,16
4166,1547,18
4167,1548,34
4168,1548,36
4169,1549,25
4170,1549,24
4171,1549,26
4172,1550,38
4173,1550,39
4174,1551,32
4175,1551,31
4176,1552,30
4177,1552,28
4178,1553,46
4179,1554,31
4180,1554,32
4181,1554,33
4182,1555,17
4183,1555,18
4184,1555,15
4185,1556,31
4186,1556,32
4187,1556,33
4188,1557,48
4189,1557,47
4190,1558,16
4191,1558,17
4192,1558,15
4193,1558,18
4194,1559,39
4195,1559,38
4196,1559,37
4197,1560,22
4198,1560,19
4199,1560,20
4200,1561,14
4201,1561,12
4202,1561,11
4203,1561,13
4204,1562,28
4205,1562,29
4206,1563,40
4207,1563,42
4208,1563,41
4209,1564,28
4210,1564,30
4211,1565,45
4212,1566,34
4213,1566,36
4214,1566,35
4215,1567,39
4216,1567,38
4217,1567,37
4218,1568,30
4219,1568,27
4220,1568,29
4221,1568,28
4222,1569,26
4223,1569,25
4224,1569,23
4225,1570,23
4226,1570,25
4227,1571,10
4228,1571,7
4229,1571,9
4230,1571,6
4231,1572,14
4232,1572,11
4233,1572,13
4234,1572,12
4235,1573,3
4236,1573,2
4237,1574,18
4238,1574,17
4239,1575,1
4240,1575,4
4241,1576,46
4242,1577,33
4243,1577,32
4244,1578,17
4245,1578,15
4246,1579,27
4247,1579,30
4248,1579,29
4249,1579,28
4250,1580,23
4251,1580,26
4252,1581,38
4253,1581,39
4254,1581,37
4255,1582,6
4256,1582,7
4257,1582,9
4258,1582,10
4259,1583,42
4260,1583,40
4261,1583,41
4262,1584,28
4263,1584,27
4264,1585,29
4265,1585,28
4266,1586,43
4267,1586,44
4268,1587,45
4269,1588,16
4270,1588,17
4271,1588,15
4272,1589,20
4273,1589,22
4274,1590,44
4275,1590,43
4276,1591,47
4277,1591,48
4278,1592,14
4279,1592,13
4280,1592,12
4281,1593,37
4282,1593,38
4283,1593,39
4284,1594,30
4285,1594,27
4286,1595,22
4287,1595,20
4288,1596,45
4289,1597,21
4290,1597,22
4291,1598,29
4292,1598,27
4293,1599,14
4294,1599,11
4295,1600,46
4296,1601,38
4297,1601,39
4298,1601,37
4299,1602,30
4300,1602,28
4301,1602,29
4302,1603,38
4303,1603,39
4304,1603,37
4305,1604,23
4306,1604,24
4307,1604,25
4308,1605,5
4309,1605,1
4310,1605,2
4311,1605,3
4312,1606,25
4313,1606,23
4314,1607,39
4315,1607,38
4316,1608,34
4317,1608,35
4318,1609,37
4319,1609,39
4320,1610,9
4321,1610,6
4322,1610,7
4323,1610,10
4324,1611,36
4325,1611,34
4326,1612,36
4327,1612,35
4328,1612,34
4329,1613,47
4330,1613,48
4331,1614,14
4332,1614,13
4333,1614,11
4334,1614,12
4335,1615,43
4336,1615,44
4337,1616,9
4338,1616,7
4339,1616,10
4340,1617,21
4341,1617,20
4342,1617,22
4343,1617,19
4344,1618,28
4345,1618,30
4346,1618,29
4347,1619,14
4348,1619,12
4349,1620,27
4350,1620,29
4351,1620,30
4352,1621,39
4353,1621,38
4354,1621,37
4355,1622,26
4356,1622,25
4357,1623,19
4358,1623,21
4359,1624,31
4360,1624,33
4361,1625,29
4362,1625,28
4363,1626,18
4364,1626,15
4365,1626,16
4366,1627,39
4367,1627,37
4368,1627,38
4369,1628,30
4370,1628,28
4371,1629,45
4372,1630,38
4373,1630,37
4374,1631,29
4375,1631,30
4376,1631,28
4377,1631,27
4378,1632,33
4379,1632,32
4380,1632,31
4381,1633,12
4382,1633,11
4383,1634,29
4384,1634,28
4385,1634,30
4386,1634,27
4387,1635,25
4388,1635,24
4389,1635,23
4390,1636,24
4391,1636,23
4392,1637,19
4393,1637,22
4394,1637,21
4395,1638,10
4396,1638,7
4397,1639,26
4398,1639,25
4399,1639,23
4400,1639,24
4401,1640,12
4402,1640,11
4403,1640,14
4404,1640,13
4405,1641,45
4406,1642,36
4407,1642,35
4408,1642,34
4409,1643,48
4410,1643,47
4411,1644,19
4412,1644,20
4413,1644,21
4414,1645,37
4415,1645,39
4416,1645,38
4417,1646,32
4418,1646,33
4419,1647,38
4420,1647,37
4421,1648,7
4422,1648,8
4423,1649,29
4424,1649,30
4425,1649,27
4426,1649,28
4427,1650,15
4428,1650,17
4429,1650,18
4430,1651,28
4431,1651,30
4432,1651,29
4433,1651,27
4434,1652,31
4435,1652,33
4436,1652,32
4437,1653,20
4438,1653,22
4439,1653,19
4440,1653,21
4441,1654,9
4442,1654,7
4443,1655,48
4444,1655,47
4445,1656,8
4446,1656,6
4447,1656,7
4448,1656,10
4449,1657,43
4450,1657,44
4451,1658,24
4452,1658,26
4453,1658,25
4454,1658,23
4455,1659,27
4456,1659,29
4457,1660,9
4458,1660,7
4459,1660,10
4460,1660,6
4461,1661,48
4462,1661,47
4463,1662,28
4464,1662,30
4465,1663,8
4466,1663,6
4467,1664,18
4468,1664,17
4469,1665,17
4470,1665,15
4471,1665,16
4472,1666,22
4473,1666,19
4474,1667,37
4475,1667,39
4476,1668,23
4477,1668,25
4478,1669,18
4479,1669,15
4480,1670,16
4481,1670,17
4482,1671,30
4483,1671,27
4484,1671,28
4485,1671,29
4486,1672,37
4487,1672,38
4488,1673,8
4489,1673,6
4490,1673,9
4491,1674,20
4492,1674,19
4493,1674,21
4494,1674,22
4495,1675,28
4496,1675,27
4497,1676,27
4498,1676,28
4499,1676,30
4500,1676,29
4501,1677,19
4502,1677,22
4503,1677,20
4504,1678,27
4505,1678,28
4506,1678,30
4507,1679,28
4508,1679,27
4509,1679,30
4510,1680,46
4511,1681,26
4512,1681,23
4513,1682,44
4514,1682,43
4515,1683,7
4516,1683,10
4517,1684,20
4518,1684,22
4519,1684,21
4520,1685,17
4521,1685,15
4522,1685,16
4523,1685,18
4524,1686,46
4525,1687,46
4526,1688,39
4527,1688,38
4528,1688,37
4529,1689,18
4530,1689,15
4531,1689,17
4532,1689,16
4533,1690,47
4534,1690,48
4535,1691,31
4536,1691,33
4537,1692,42
4538,1692,40
4539,1693,24
4540,1693,26
4541,1694,35
4542,1694,34
4543,1694,36
4544,1695,44
4545,1695,43
4546,1696,42
4547,1696,41
4548,1696,40
4549,1697,17
4550,1697,18
4551,1697,16
4552,1698,45
4553,1699,15
4554,1699,17
4555,1700,28
4556,1700,30
4557,1700,27
4558,1701,46
4559,1702,37
4560,1702,39
4561,1702,38
4562,1703,48
4563,1703,47
4564,1704,25
4565,1704,24
4566,1705,46
4567,1706,43
4568,1706,44
4569,1707,28
4570,1707,30
4571,1707,29
4572,1707,27
4573,1708,36
4574,1708,34
4575,1708,35
4576,1709,27
4577,1709,30
4578,1709,28
4579,1710,27
4580,1710,30
4581,1710,29
4582,1710,28
4583,1711,37
4584,1711,39
4585,1711,38
4586,1712,21
4587,1712,20
4588,1712,22
4589,1713,33
4590,1713,31
4591,1713,32
4592,1714,26
4593,1714,25
4594,1714,24
4595,1714,23
4596,1715,16
4597,1715,15
4598,1715,17
4599,1715,18
4600,1716,26
4601,1716,24
4602,1716,23
4603,1716,25
4604,1717,29
4605,1717,27
4606,1717,28
4607,1717,30
4608,1718,20
4609,1718,19
4610,1718,21
4611,1718,22
4612,1719,39
4613,1719,38
4614,1719,37
4615,1720,48
4616,1720,47
4617,1721,13
4618,1721,12
4619,1721,11
4620,1721,14
4621,1722,48
4622,1722,47
4623,1723,23
4624,1723,26
4625,1723,24
4626,1723,25
4627,1724,26
4628,1724,25
4629,1725,46
4630,1726,11
4631,1726,12
4632,1726,14
4633,1726,13
4634,1727,35
4635,1727,36
4636,1727,34
4637,1728,23
4638,1728,25
4639,1729,22
4640,1729,19
4641,1730,15
4642,1730,17
4643,1730,18
4644,1730,16
4645,1731,30
4646,1731,28
4647,1731,27
4648,1731,29
4649,1732,6
4650,1732,9
4651,1732,7
4652,1732,10
4653,1733,39
4654,1733,38
4655,1733,37
4656,1734,43
4657,1734,44
4658,1735,20
4659,1735,19
4660,1736,44
4661,1736,43
4662,1737,17
4663,1737,16
4664,1738,43
4665,1738,44
4666,1739,15
4667,1739,17
4668,1739,16
4669,1739,18
4670,1740,13
4671,1740,12
4672,1741,3
4673,1741,1
4674,1741,2
4675,1741,5
4676,1742,38
4677,1742,37
4678,1743,13
4679,1743,11
4680,1743,14
4681,1744,43
4682,1744,44
4683,1745,25
4684,1745,23
4685,1745,24
4686,1745,26
4687,1746,13
4688,1746,11
4689,1746,14
4690,1746,12
4691,1747,27
4692,1747,30
4693,1748,11
4694,1748,14
4695,1749,11
4696,1749,14
4697,1749,13
4698,1750,30
4699,1750,27
4700,1750,29
4701,1751,15
4702,1751,17
4703,1751,18
4704,1751,16
4705,1752,10
4706,1752,8
4707,1752,9
4708,1752,7
4709,1753,21
4710,1753,22
4711,1753,19
4712,1754,23
4713,1754,25
4714,1755,17
4715,1755,15
4716,1756,36
4717,1756,35
4718,1756,34
4719,1757,23
4720,1757,26
4721,1757,24
4722,1758,23
4723,1758,26
4724,1758,24
4725,1758,25
4726,1759,18
4727,1759,16
4728,1759,15
4729,1759,17
4730,1760,27
4731,1760,28
4732,1761,35
4733,1761,36
4734,1762,22
4735,1762,19
4736,1762,21
4737,1762,20
4738,1763,24
4739,1763,23
4740,1763,26
4741,1763,25
4742,1764,43
4743,1764,44
4744,1765,16
4745,1765,15
4746,1766,22
4747,1766,19
4748,1766,20
4749,1766,21
4750,1767,14
4751,1767,12
4752,1767,13
4753,1768,25
4754,1768,23
4755,1768,24
4756,1768,26
4757,1769,25
4758,1769,26
4759,1770,29
4760,1770,28
4761,1770,27
4762,1770,30
4763,1771,24
4764,1771,26
4765,1771,23
4766,1771,25
4767,1772,45
4768,1773,23
4769,1773,26
4770,1774,36
4771,1774,35
4772,1775,38
4773,1775,37
4774,1775,39
4775,1776,16
4776,1776,15
4777,1776,18
4778,1777,26
4779,1777,25
4780,1778,12
4781,1778,11
4782,1778,13
4783,1779,32
4784,1779,31
4785,1779,33
4786,1780,46
4787,1781,47
4788,1781,48
4789,1782,12
4790,1782,14
4791,1782,13
4792,1783,42
4793,1783,41
4794,1784,5
4795,1784,4
4796,1784,1
4797,1784,3
4798,1785,42
4799,1785,41
4800,1785,40
4801,1786,27
4802,1786,28
4803,1786,30
4804,1787,48
4805,1787,47
4806,1788,20
4807,1788,22
4808,1788,21
4809,1788,19
4810,1789,41
4811,1789,40
4812,1789,42
4813,1790,13
4814,1790,11
4815,1790,14
4816,1790,12
4817,1791,44
4818,1791,43
4819,1792,4
4820,1792,2
4821,1792,3
4822,1793,43
4823,1793,44
4824,1794,10
4825,1794,8
4826,1794,9
4827,1795,21
4828,1795,20
4829,1796,9
4830,1796,6
4831,1796,10
4832,1796,7
4833,1797,38
4834,1797,39
4835,1798,40
4836,1798,42
4837,1798,41
4838,1799,44
4839,1799,43
4840,1800,32
4841,1800,31
4842,1800,33
4843,1801,31
4844,1801,32
4845,1801,33
4846,1802,42
4847,1802,41
4848,1802,40
4849,1803,42
4850,1803,40
4851,1803,41
4852,1804,45
4853,1805,18
4854,1805,15
4855,1805,16
4856,1805,17
4857,1806,24
4858,1806,25
4859,1807,15
4860,1807,17
4861,1807,16
4862,1808,28
4863,1808,27
4864,1809,16
4865,1809,15
4866,1809,17
4867,1809,18
4868,1810,36
4869,1810,34
4870,1810,35
4871,1811,27
4872,1811,28
4873,1811,29
4874,1811,30
4875,1812,15
4876,1812,17
4877,1812,16
4878,1812,18
4879,1813,18
4880,1813,15
4881,1814,2
4882,1814,3
4883,1814,1
4884,1815,30
4885,1815,29
4886,1816,16
4887,1816,18
4888,1817,17
4889,1817,16
4890,1817,18
4891,1818,30
4892,1818,28
4893,1819,37
4894,1819,38
4895,1819,39
4896,1820,32
4897,1820,33
4898,1821,23
4899,1821,24
4900,1821,26
4901,1822,45
4902,1823,18
4903,1823,16
4904,1824,18
4905,1824,16
4906,1824,15
4907,1825,4
4908,1825,5
4909,1825,1
4910,1825,3
4911,1826,30
4912,1826,28
4913,1827,5
4914,1827,3
4915,1827,2
4916,1827,1
4917,1828,10
4918,1828,9
4919,1828,7
4920,1829,32
4921,1829,31
4922,1829,33
4923,1830,38
4924,1830,37
4925,1831,17
4926,1831,15
4927,1831,18
4928,1832,24
4929,1832,23
4930,1832,26
4931,1832,25
4932,1833,48
4933,1833,47
4934,1834,43
4935,1834,44
4936,1835,47
4937,1835,48
4938,1836,26
4939,1836,25
4940,1836,24
4941,1837,45
4942,1838,32
4943,1838,31
4944,1838,33
4945,1839,35
4946,1839,36
4947,1839,34
4948,1840,43
4949,1840,44
4950,1841,25
4951,1841,26
4952,1841,23
4953,1841,24
4954,1842,27
4955,1842,30
4956,1842,28
4957,1842,29
4958,1843,10
4959,1843,7
4960,1844,43
4961,1844,44
4962,1845,30
4963,1845,29
4964,1845,27
4965,1846,17
4966,1846,18
4967,1846,16
4968,1846,15
4969,1847,24
4970,1847,26
4971,1847,23
4972,1848,24
4973,1848,26
4974,1848,25
4975,1849,29
4976,1849,30
4977,1849,27
4978,1850,19
4979,1850,21
4980,1851,29
4981,1851,28
4982,1852,45
4983,1853,19
4984,1853,22
4985,1853,20
4986,1854,11
4987,1854,12
4988,1854,14
4989,1854,13
4990,1855,7
4991,1855,8
4992,1855,6
4993,1855,10
4994,1856,17
4995,1856,16
4996,1857,17
4997,1857,18
4998,1857,15
4999,1857,16
5000,1858,42
5001,1858,41
5002,1858,40
5003,1859,43
5004,1859,44
5005,1860,16
5006,1860,15
5007,1861,46
5008,1862,39
5009,1862,38
5010,1863,20
5011,1863,21
5012,1864,10
5013,1864,9
5014,1864,6
5015,1865,21
5016,1865,19
5017,1865,22
5018,1866,43
5019,1866,44
5020,1867,38
5021,1867,39
5022,1868,23
5023,1868,26
5024,1868,25
5025,1869,18
5026,1869,15
5027,1869,16
5028,1870,17
5029,1870,15
5030,1870,16
5031,1870,18
5032,1871,46
5033,1872,16
5034,1872,15
5035,1872,18
5036,1873,46
5037,1874,9
5038,1874,6
5039,1875,29
5040,1875,30
5041,1875,27
5042,1875,28
5043,1876,33
5044,1876,31
5045,1876,32
5046,1877,45
5047,1878,15
5048,1878,18
5049,1879,13
5050,1879,14
5051,1879,12
5052,1880,27
5053,1880,28
5054,1880,29
5055,1881,47
5056,1881,48
5057,1882,10
5058,1882,8
5059,1882,9
5060,1883,31
5061,1883,33
5062,1883,32
5063,1884,44
5064,1884,43
5065,1885,13
5066,1885,11
5067,1885,14
5068,1885,12
5069,1886,7
5070,1886,6
5071,1886,8
5072,1886,10
5073,1887,36
5074,1887,34
5075,1887,35
5076,1888,28
5077,1888,30
5078,1888,27
5079,1889,23
5080,1889,24
5081,1889,25
5082,1889,26
5083,1890,6
5084,1890,8
5085,1890,9
5086,1890,7
5087,1891,27
5088,1891,30
5089,1891,28
5090,1892,33
5091,1892,32
5092,1893,17
5093,1893,18
5094,1894,44
5095,1894,43
5096,1895,45
5097,1896,29
5098,1896,28
5099,1896,27
5100,1897,16
5101,1897,17
5102,1897,15
5103,1898,32
5104,1898,33
5105,1899,33
5106,1899,31
5107,1899,32
5108,1900,46
5109,1901,17
5110,1901,18
5111,1901,16
5112,1901,15
5113,1902,31
5114,1902,32
5115,1903,42
5116,1903,41
5117,1903,40
5118,1904,7
5119,1904,6
5120,1904,9
5121,1904,8
5122,1905,48
5123,1905,47
5124,1906,34
5125,1906,35
5126,1906,36
5127,1907,33
5128,1907,31
5129,1908,33
5130,1908,31
5131,1908,32
5132,1909,24
5133,1909,23
5134,1910,28
5135,1910,29
5136,1911,44
5137,1911,43
5138,1912,47
5139,1912,48
5140,1913,38
5141,1913,37
5142,1914,15
5143,1914,18
5144,1914,17
5145,1915,33
5146,1915,32
5147,1915,31
5148,1916,25
5149,1916,23
5150,1916,26
5151,1916,24
5152,1917,30
5153,1917,29
5154,1918,18
5155,1918,16
5156,1918,17
5157,1919,29
5158,1919,30
5159,1919,28
5160,1920,9
5161,1920,7
5162,1920,8
5163,1920,6
5164,1921,42
5165,1921,41
5166,1921,40
5167,1922,17
5168,1922,16
5169,1923,15
5170,1923,18
5171,1924,26
5172,1924,24
5173,1925,48
5174,1925,47
5175,1926,22
5176,1926,21
5177,1926,20
5178,1926,19
5179,1927,30
5180,1927,29
5181,1928,47
5182,1928,48
5183,1929,7
5184,1929,10
5185,1929,6
5186,1930,30
5187,1930,29
5188,1930,27
5189,1930,28
5190,1931,45
5191,1932,10
5192,1932,7
5193,1933,18
5194,1933,16
5195,1933,15
5196,1933,17
5197,1934,17
5198,1934,16
5199,1935,30
5200,1935,29
5201,1936,27
5202,1936,29
5203,1937,43
5204,1937,44
5205,1938,25
5206,1938,23
5207,1939,30
5208,1939,28
5209,1939,27
5210,1940,36
5211,1940,34
5212,1940,35
5213,1941,44
5214,1941,43
5215,1942,24
5216,1942,23
5217,1942,25
5218,1943,23
5219,1943,25
5220,1943,26
5221,1944,35
5222,1944,34
5223,1944,36
5224,1945,30
5225,1945,28
5226,1945,27
5227,1945,29
5228,1946,19
5229,1946,20
5230,1946,22
5231,1946,21
5232,1947,15
5233,1947,16
5234,1948,10
5235,1948,6
5236,1948,7
5237,1949,38
5238,1949,39
5239,1949,37
5240,1950,10
5241,1950,9
5242,1951,23
5243,1951,26
5244,1951,24
5245,1951,25
5246,1952,45
5247,1953,44
5248,1953,43
5249,1954,8
5250,1954,6
5251,1954,10
5252,1955,39
5253,1955,38
5254,1955,37
5255,1956,40
5256,1956,42
5257,1957,11
5258,1957,14
5259,1958,22
5260,1958,21
5261,1958,20
5262,1958,19
5263,1959,23
5264,1959,26
5265,1959,24
5266,1959,25
5267,1960,29
5268,1960,27
5269,1960,28
5270,1961,14
5271,1961,13
5272,1961,12
5273,1961,11
5274,1962,46
5275,1963,21
5276,1963,22
5277,1963,19
5278,1963,20
5279,1964,40
5280,1964,42
5281,1965,33
5282,1965,32
5283,1965,31
5284,1966,37
5285,1966,39
5286,1966,38
5287,1967,37
5288,1967,39
5289,1967,38
5290,1968,14
5291,1968,13
5292,1969,15
5293,1969,18
5294,1969,16
5295,1969,17
5296,1970,27
5297,1970,29
5298,1970,28
5299,1970,30
5300,1971,11
5301,1971,14
5302,1971,12
5303,1971,13
5304,1972,13
5305,1972,14
5306,1972,11
5307,1973,48
5308,1973,47
5309,1974,26
5310,1974,24
5311,1974,25
5312,1975,28
5313,1975,30
5314,1975,29
5315,1976,29
5316,1976,30
5317,1977,42
5318,1977,40
5319,1977,41
5320,1978,29
5321,1978,28
5322,1978,30
5323,1979,42
5324,1979,40
5325,1979,41
5326,1980,32
5327,1980,33
5328,1980,31
5329,1981,34
5330,1981,35
5331,1982,38
5332,1982,39
5333,1982,37
5334,1983,41
5335,1983,40
5336,1984,47
5337,1984,48
5338,1985,5
5339,1985,2
5340,1985,4
5341,1985,1
5342,1986,18
5343,1986,17
5344,1986,15
5345,1987,42
5346,1987,41
5347,1987,40
5348,1988,27
5349,1988,29
5350,1988,30
5351,1989,30
5352,1989,29
5353,1989,28
5354,1990,16
5355,1990,15
5356,1990,17
5357,1990,18
5358,1991,11
5359,1991,13
5360,1991,12
5361,1991,14
5362,1992,35
5363,1992,36
5364,1992,34
5365,1993,38
5366,1993,37
5367,1993,39
5368,1994,2
5369,1994,4
5370,1994,3
5371,1994,1
5372,1995,25
5373,1995,24
5374,1995,26
5375,1996,11
5376,1996,12
5377,1997,1
5378,1997,3
5379,1997,2
5380,1997,4
5381,1998,42
5382,1998,41
5383,1998,40
5384,1999,46
5385,2000,47
5386,2000,48
