rating_id,booking_id,employer_id,worker_id,rating,review,rated_at
1,1,315,3351,4,Will definitely hire again.,2025-07-29
2,4,485,2674,5,Very satisfied with the service.,2025-03-24
3,5,237,2769,4,Very professional.,2025-09-30
4,11,329,38,5,Arrived on time and did a great job.,2025-07-08
5,12,489,4060,4,Finished before the expected time.,2025-03-05
6,13,396,1253,5,Highly recommended.,2025-06-01
7,14,94,5884,4,Excellent service.,2025-03-21
8,15,42,3817,2,Poor communication.,2025-05-09
9,17,257,3564,4,Good quality work.,2025-10-06
10,22,35,2852,5,Will definitely hire again.,2025-04-24
11,23,89,4709,4,Will definitely hire again.,2025-07-04
12,27,73,1762,5,Completed the work perfectly.,2025-06-17
13,29,469,6379,3,Could have been better.,2025-04-13
14,31,463,582,4,Highly recommended.,2025-07-25
15,35,307,3101,4,Completed the work perfectly.,2025-08-04
16,37,476,4342,2,Poor communication.,2025-03-11
17,38,86,4769,3,Work was satisfactory.,2025-10-18
18,40,137,85,4,Skilled and polite worker.,2025-03-31
19,41,417,5806,3,Could have been better.,2025-03-03
20,43,293,1778,5,Highly recommended.,2025-07-30
21,46,402,1934,3,Completed the job with minor issues.,2025-12-29
22,47,168,527,2,Not satisfied with the quality.,2025-07-31
23,50,397,4434,3,Work was satisfactory.,2025-11-12
24,51,170,3819,4,Very professional.,2025-08-25
25,53,363,1183,4,Finished before the expected time.,2025-10-13
26,54,39,1766,5,Very professional.,2025-06-28
27,57,191,2150,5,Very satisfied with the service.,2025-06-01
28,58,70,6360,5,Very satisfied with the service.,2025-04-01
29,59,185,5735,3,Completed the job with minor issues.,2025-07-09
30,60,420,5719,3,Completed the job with minor issues.,2025-09-30
31,62,30,6099,5,Good quality work.,2025-05-01
32,63,306,3325,2,Job was incomplete.,2025-08-19
33,64,189,3391,1,Job was incomplete.,2025-06-12
34,65,261,5409,5,Completed the work perfectly.,2025-10-16
35,67,83,3554,5,Completed the work perfectly.,2025-12-10
36,69,345,317,4,Excellent service.,2025-05-06
37,70,339,1639,4,Very professional.,2025-08-18
38,71,379,1439,4,Highly recommended.,2025-05-17
39,72,179,4539,4,Highly recommended.,2025-11-29
40,78,258,5112,4,Highly recommended.,2025-05-07
41,79,120,2285,5,Highly recommended.,2025-04-21
42,81,429,4700,5,Finished before the expected time.,2025-10-04
43,82,427,6127,5,Very professional.,2025-02-28
44,86,467,126,3,Average experience.,2025-12-02
45,87,450,5669,2,Not satisfied with the quality.,2025-11-24
46,88,397,2830,5,Skilled and polite worker.,2025-01-20
47,89,177,2437,4,Very satisfied with the service.,2025-08-03
48,91,260,2065,5,Highly recommended.,2025-03-10
49,92,451,4903,5,Completed the work perfectly.,2025-04-24
50,93,186,295,3,Average experience.,2025-08-13
51,94,471,1460,5,Highly recommended.,2025-12-17
52,95,343,3461,3,Completed the job with minor issues.,2025-05-12
53,96,41,1598,5,Completed the work perfectly.,2025-10-25
54,100,240,5533,5,Highly recommended.,2025-04-30
55,102,199,4622,5,Finished before the expected time.,2025-02-11
56,103,298,6399,3,Work was satisfactory.,2025-07-26
57,104,120,5328,5,Very professional.,2025-10-30
58,105,81,3433,5,Finished before the expected time.,2025-07-17
59,106,349,5836,5,Excellent service.,2025-05-05
60,108,451,2129,1,Needs improvement.,2025-10-20
61,114,106,4488,5,Good quality work.,2025-12-28
62,116,489,6122,3,Work was satisfactory.,2025-07-21
63,118,286,2142,5,Arrived on time and did a great job.,2025-08-07
64,119,259,2268,5,Excellent service.,2025-08-09
65,120,368,3523,2,Not satisfied with the quality.,2025-11-24
66,121,169,375,2,Job was incomplete.,2025-03-10
67,123,338,5092,3,Completed the job with minor issues.,2025-03-17
68,124,241,5759,5,Finished before the expected time.,2025-08-13
69,126,320,1498,5,Finished before the expected time.,2025-11-27
70,127,462,1595,5,Very professional.,2025-02-12
71,128,30,6378,3,Completed the job with minor issues.,2025-05-05
72,129,192,2500,5,Excellent service.,2025-12-01
73,133,213,1961,3,Completed the job with minor issues.,2025-08-31
74,135,30,4038,5,Very professional.,2025-03-11
75,138,336,2500,2,Needs improvement.,2025-10-31
76,142,455,3053,5,Finished before the expected time.,2025-08-23
77,144,384,3690,4,Arrived on time and did a great job.,2025-11-27
78,146,7,4,4,Finished before the expected time.,2025-02-11
79,147,233,250,2,Job was incomplete.,2025-12-14
80,148,339,5725,3,Average experience.,2025-09-25
81,150,195,3535,3,Good service overall.,2025-05-23
82,151,289,1100,2,Poor communication.,2025-05-24
83,153,341,6479,4,Arrived on time and did a great job.,2025-06-30
84,154,60,3565,4,Very professional.,2025-11-14
85,155,4,623,4,Highly recommended.,2025-12-16
86,159,174,3032,4,Excellent service.,2025-06-09
87,161,198,2603,3,Average experience.,2025-12-18
88,163,132,943,3,Completed the job with minor issues.,2025-09-29
89,164,30,1254,3,Work was satisfactory.,2025-01-29
90,165,274,3606,4,Will definitely hire again.,2025-06-11
91,167,325,1176,5,Arrived on time and did a great job.,2025-06-21
92,168,421,3107,3,Completed the job with minor issues.,2026-01-01
93,171,356,319,3,Could have been better.,2025-04-14
94,172,319,899,3,Good service overall.,2025-08-12
95,178,42,5091,5,Very professional.,2025-07-12
96,179,352,4242,5,Skilled and polite worker.,2025-07-31
97,180,396,4898,4,Very professional.,2025-08-16
98,182,11,4318,5,Finished before the expected time.,2025-08-21
99,183,325,6000,4,Skilled and polite worker.,2025-06-19
100,184,32,4330,4,Will definitely hire again.,2025-02-11
101,185,306,4900,5,Will definitely hire again.,2025-06-17
102,187,38,632,5,Highly recommended.,2025-09-23
103,189,485,4564,4,Very satisfied with the service.,2025-06-16
104,190,375,3280,5,Good quality work.,2025-04-25
105,192,469,5454,4,Finished before the expected time.,2025-03-15
106,193,147,2601,5,Highly recommended.,2025-02-12
107,195,414,248,1,Poor communication.,2025-02-09
108,197,340,3147,4,Very satisfied with the service.,2025-01-09
109,199,305,4022,4,Skilled and polite worker.,2025-03-19
110,200,325,2278,4,Very professional.,2025-09-25
111,201,499,3915,5,Very professional.,2025-03-10
112,202,382,2603,5,Excellent service.,2025-11-15
113,204,127,5989,1,Needs improvement.,2025-04-03
114,206,366,6086,5,Excellent service.,2025-04-26
115,209,62,908,5,Will definitely hire again.,2025-06-12
116,210,499,2114,4,Good quality work.,2025-06-21
117,211,335,2337,4,Completed the work perfectly.,2025-09-16
118,213,148,4152,5,Will definitely hire again.,2025-12-23
119,214,231,507,5,Highly recommended.,2025-09-05
120,215,220,964,3,Work was satisfactory.,2025-01-29
121,220,367,1056,3,Work was satisfactory.,2025-01-19
122,221,166,1841,1,Work was delayed.,2025-06-24
123,222,417,4391,5,Skilled and polite worker.,2025-05-16
124,223,248,3111,3,Work was satisfactory.,2025-11-29
125,224,413,1413,2,Not satisfied with the quality.,2025-12-11
126,228,111,1899,5,Good quality work.,2025-12-27
127,230,493,4329,5,Good quality work.,2025-03-27
128,231,437,1892,5,Very satisfied with the service.,2025-06-14
129,233,149,5265,4,Very professional.,2025-12-22
130,234,284,2614,4,Good quality work.,2025-09-10
131,235,413,3954,4,Very professional.,2025-01-13
132,237,252,595,5,Skilled and polite worker.,2025-01-17
133,238,219,4509,5,Will definitely hire again.,2025-07-22
134,239,347,4923,4,Highly recommended.,2025-04-07
135,242,326,1734,3,Could have been better.,2025-06-15
136,243,120,5099,3,Average experience.,2025-05-18
137,244,439,2825,4,Very professional.,2025-09-16
138,245,102,6366,5,Arrived on time and did a great job.,2025-10-27
139,249,139,116,3,Work was satisfactory.,2025-08-13
140,251,322,2107,4,Good quality work.,2025-05-24
141,255,304,2815,5,Arrived on time and did a great job.,2025-09-06
142,256,106,86,4,Very professional.,2025-12-18
143,257,447,4428,5,Will definitely hire again.,2026-01-04
144,259,425,6121,3,Work was satisfactory.,2025-12-23
145,260,325,4788,5,Will definitely hire again.,2025-02-22
146,262,120,6099,4,Will definitely hire again.,2025-06-09
147,266,461,6359,4,Completed the work perfectly.,2025-05-26
148,268,215,4146,5,Skilled and polite worker.,2025-05-18
149,269,76,1069,3,Good service overall.,2025-12-05
150,270,341,2168,2,Job was incomplete.,2025-12-24
151,271,198,6444,5,Good quality work.,2025-07-02
152,272,119,477,5,Very satisfied with the service.,2025-10-02
153,273,311,5250,5,Highly recommended.,2025-10-20
154,274,499,5641,5,Arrived on time and did a great job.,2025-01-18
155,275,10,444,5,Will definitely hire again.,2025-11-18
156,276,271,5016,4,Skilled and polite worker.,2025-06-19
157,277,260,4828,4,Good quality work.,2025-10-12
158,278,491,5931,5,Will definitely hire again.,2025-04-16
159,281,25,33,4,Excellent service.,2025-05-28
160,284,19,2236,4,Skilled and polite worker.,2025-11-21
161,285,115,2077,3,Completed the job with minor issues.,2025-04-08
162,286,493,3409,2,Job was incomplete.,2025-09-18
163,288,219,1650,5,Very satisfied with the service.,2025-05-18
164,292,63,491,4,Arrived on time and did a great job.,2025-06-04
165,293,24,5036,5,Very professional.,2025-12-12
166,295,161,5908,3,Good service overall.,2025-03-18
167,296,135,5177,3,Work was satisfactory.,2025-02-26
168,299,305,3390,4,Very satisfied with the service.,2025-07-15
169,302,368,1848,4,Highly recommended.,2025-08-26
170,303,8,3504,5,Highly recommended.,2025-04-09
171,307,110,1180,4,Arrived on time and did a great job.,2025-02-11
172,309,114,5802,5,Finished before the expected time.,2025-04-11
173,310,304,5376,3,Could have been better.,2025-03-19
174,311,261,5211,3,Good service overall.,2025-07-19
175,312,9,5646,5,Good quality work.,2025-10-21
176,314,384,5501,2,Work was delayed.,2025-08-15
177,315,23,3162,1,Needs improvement.,2025-01-14
178,316,304,4664,3,Average experience.,2025-08-21
179,317,100,310,5,Very satisfied with the service.,2025-10-04
180,319,125,4290,2,Job was incomplete.,2025-09-17
181,320,368,3057,5,Skilled and polite worker.,2025-08-28
182,321,331,6019,1,Poor communication.,2025-08-15
183,322,33,2803,5,Highly recommended.,2025-09-29
184,323,344,3192,3,Completed the job with minor issues.,2025-09-23
185,324,493,1047,4,Will definitely hire again.,2025-10-15
186,326,496,1263,2,Poor communication.,2025-02-11
187,327,98,2796,5,Finished before the expected time.,2025-06-16
188,329,53,1827,3,Work was satisfactory.,2025-06-19
189,330,346,5400,4,Skilled and polite worker.,2025-07-01
190,331,279,570,5,Very satisfied with the service.,2025-06-23
191,333,227,729,5,Highly recommended.,2025-08-26
192,334,6,2095,5,Will definitely hire again.,2025-03-16
193,336,114,4506,3,Completed the job with minor issues.,2025-03-14
194,339,54,3616,2,Job was incomplete.,2025-02-12
195,343,222,339,4,Excellent service.,2025-08-22
196,344,451,1852,3,Completed the job with minor issues.,2025-04-11
197,346,301,5070,4,Arrived on time and did a great job.,2025-12-28
198,347,472,2273,5,Completed the work perfectly.,2025-04-27
199,349,287,6033,5,Completed the work perfectly.,2025-10-13
200,352,353,2246,1,Not satisfied with the quality.,2025-08-08
201,353,299,4818,1,Poor communication.,2025-10-23
202,354,437,5852,1,Poor communication.,2025-08-22
203,357,198,106,4,Highly recommended.,2025-12-01
204,358,128,6415,4,Excellent service.,2025-12-25
205,359,214,4099,3,Average experience.,2025-02-16
206,362,368,1765,1,Not satisfied with the quality.,2025-01-18
207,364,143,1085,4,Highly recommended.,2025-10-19
208,365,454,6119,4,Arrived on time and did a great job.,2025-02-27
209,367,363,6288,3,Good service overall.,2025-11-04
210,368,107,4335,4,Very professional.,2025-07-28
211,370,233,5048,2,Not satisfied with the quality.,2025-08-12
212,371,462,3979,1,Poor communication.,2025-04-24
213,372,403,3571,5,Will definitely hire again.,2025-08-23
214,376,239,375,2,Work was delayed.,2025-11-22
215,377,245,2217,4,Excellent service.,2025-08-07
216,379,97,6034,5,Arrived on time and did a great job.,2025-09-30
217,380,159,4721,5,Highly recommended.,2025-07-15
218,381,120,5038,2,Work was delayed.,2025-10-05
219,385,275,3756,5,Finished before the expected time.,2025-05-01
220,387,446,835,5,Excellent service.,2025-10-31
221,391,329,6261,4,Skilled and polite worker.,2025-09-11
222,392,55,2846,2,Work was delayed.,2025-08-30
223,394,487,5750,5,Completed the work perfectly.,2025-09-15
224,400,434,1551,4,Excellent service.,2025-01-21
225,402,35,1543,4,Arrived on time and did a great job.,2025-11-04
226,403,85,5088,4,Skilled and polite worker.,2026-01-04
227,406,30,4587,3,Average experience.,2025-01-12
228,407,240,4362,4,Highly recommended.,2025-02-02
229,408,273,2530,5,Very professional.,2025-07-13
230,409,282,1389,1,Work was delayed.,2025-09-07
231,412,414,5833,5,Will definitely hire again.,2025-11-06
232,413,149,6241,4,Skilled and polite worker.,2025-12-15
233,414,278,5923,5,Skilled and polite worker.,2025-03-05
234,415,330,2802,5,Good quality work.,2025-08-22
235,416,40,6015,3,Work was satisfactory.,2025-01-28
236,419,493,4245,5,Arrived on time and did a great job.,2025-03-22
237,420,268,4425,5,Good quality work.,2025-12-29
238,422,210,1058,5,Very satisfied with the service.,2025-08-28
239,425,399,3528,3,Work was satisfactory.,2025-05-08
240,426,191,1540,5,Good quality work.,2026-01-02
241,429,237,1674,4,Completed the work perfectly.,2025-03-13
242,430,480,5946,5,Will definitely hire again.,2025-12-01
243,433,128,1672,3,Average experience.,2025-12-28
244,434,158,5989,5,Very satisfied with the service.,2025-06-12
245,440,467,5941,5,Finished before the expected time.,2025-02-21
246,441,391,4636,3,Average experience.,2025-01-31
247,442,290,710,3,Completed the job with minor issues.,2025-04-02
248,448,24,776,4,Completed the work perfectly.,2025-08-16
249,449,276,4299,5,Arrived on time and did a great job.,2025-07-12
250,451,292,259,4,Will definitely hire again.,2025-11-23
251,453,442,5737,5,Finished before the expected time.,2025-06-20
252,454,171,2378,5,Arrived on time and did a great job.,2025-05-14
253,455,292,5427,4,Will definitely hire again.,2025-03-21
254,457,344,5896,5,Finished before the expected time.,2025-04-24
255,458,23,3078,2,Work was delayed.,2025-08-04
256,462,154,5328,5,Very professional.,2025-02-06
257,465,134,3096,2,Not satisfied with the quality.,2025-09-10
258,468,232,3691,3,Completed the job with minor issues.,2025-07-25
259,472,285,5922,5,Highly recommended.,2025-10-16
260,473,119,2575,5,Good quality work.,2025-09-20
261,475,359,6425,4,Very professional.,2025-06-02
262,476,400,983,5,Will definitely hire again.,2025-10-27
263,477,80,3067,4,Good quality work.,2025-02-28
264,478,374,3295,3,Good service overall.,2025-05-25
265,481,467,2136,4,Highly recommended.,2025-05-12
266,483,269,6272,4,Very satisfied with the service.,2025-12-13
267,485,359,3395,3,Good service overall.,2025-04-20
268,486,77,3234,1,Not satisfied with the quality.,2025-12-22
269,492,65,2798,5,Completed the work perfectly.,2025-04-11
270,493,297,2969,3,Good service overall.,2025-03-30
271,495,490,5877,3,Could have been better.,2025-10-23
272,497,356,1665,5,Good quality work.,2025-01-15
273,499,480,439,3,Average experience.,2025-03-20
274,500,500,2881,3,Good service overall.,2025-01-14
275,501,5,1049,4,Will definitely hire again.,2025-10-25
276,503,318,702,3,Average experience.,2025-12-04
277,505,490,4011,5,Finished before the expected time.,2025-12-13
278,506,32,2555,4,Very satisfied with the service.,2025-01-25
279,508,206,641,5,Will definitely hire again.,2025-03-31
280,509,435,5030,1,Job was incomplete.,2025-07-05
281,510,242,1518,5,Very satisfied with the service.,2025-05-26
282,514,308,6118,3,Good service overall.,2025-06-17
283,515,481,2214,5,Very satisfied with the service.,2025-11-17
284,517,333,6427,4,Arrived on time and did a great job.,2025-11-08
285,518,28,1373,5,Good quality work.,2025-12-24
286,520,409,4541,3,Could have been better.,2025-05-12
287,523,183,2622,4,Finished before the expected time.,2025-04-09
288,524,323,2033,4,Very professional.,2025-01-19
289,525,183,2957,4,Skilled and polite worker.,2025-04-23
290,526,97,1596,3,Completed the job with minor issues.,2025-01-12
291,530,273,869,4,Very professional.,2025-03-16
292,531,74,9,3,Could have been better.,2025-04-12
293,533,91,619,5,Arrived on time and did a great job.,2025-01-10
294,536,472,220,5,Skilled and polite worker.,2025-08-16
295,538,423,6437,5,Arrived on time and did a great job.,2025-09-29
296,539,162,702,4,Good quality work.,2025-10-22
297,541,296,5970,5,Completed the work perfectly.,2025-10-04
298,542,152,365,5,Completed the work perfectly.,2025-03-11
299,543,379,5069,5,Finished before the expected time.,2025-02-07
300,544,166,2353,4,Excellent service.,2025-08-27
301,545,426,2863,4,Highly recommended.,2026-01-04
302,546,179,1581,4,Completed the work perfectly.,2025-12-01
303,547,169,1186,4,Excellent service.,2025-12-31
304,549,96,2012,5,Will definitely hire again.,2025-03-03
305,551,459,4550,5,Completed the work perfectly.,2025-04-07
306,552,216,1509,5,Skilled and polite worker.,2025-05-11
307,553,296,5198,5,Good quality work.,2025-06-20
308,555,34,5683,4,Will definitely hire again.,2025-11-09
309,556,351,3337,5,Finished before the expected time.,2025-10-30
310,558,146,4828,5,Completed the work perfectly.,2025-02-11
311,560,467,943,5,Good quality work.,2025-06-18
312,562,245,3120,2,Poor communication.,2025-10-23
313,563,44,5195,2,Job was incomplete.,2025-11-30
314,564,159,5790,3,Could have been better.,2025-07-31
315,565,59,3378,5,Good quality work.,2025-04-14
316,566,287,4807,5,Completed the work perfectly.,2025-12-01
317,568,267,331,2,Needs improvement.,2025-01-30
318,569,72,278,3,Good service overall.,2025-04-01
319,570,63,4791,4,Finished before the expected time.,2025-07-12
320,571,367,4234,3,Work was satisfactory.,2025-05-02
321,573,363,2815,5,Will definitely hire again.,2025-12-27
322,574,407,1292,5,Very satisfied with the service.,2025-12-12
323,577,139,2839,5,Very satisfied with the service.,2025-01-28
324,579,308,6226,3,Completed the job with minor issues.,2025-04-28
325,580,284,1402,4,Highly recommended.,2025-06-25
326,582,326,3056,4,Skilled and polite worker.,2025-04-19
327,584,419,6183,4,Very professional.,2025-08-24
328,587,59,6174,1,Poor communication.,2025-05-29
329,588,459,1313,5,Very satisfied with the service.,2025-02-08
330,589,458,5929,2,Poor communication.,2025-02-24
331,590,26,1263,5,Skilled and polite worker.,2025-06-24
332,594,395,6186,3,Could have been better.,2025-05-30
333,597,197,2741,4,Very professional.,2025-01-19
334,600,10,6124,5,Will definitely hire again.,2025-09-26
335,601,434,3231,4,Very professional.,2025-08-19
336,604,457,2138,4,Skilled and polite worker.,2025-12-18
337,605,411,2311,5,Completed the work perfectly.,2025-06-28
338,606,169,2061,5,Very satisfied with the service.,2026-01-02
339,607,298,4779,2,Poor communication.,2025-12-02
340,608,384,4196,4,Completed the work perfectly.,2025-09-08
341,609,337,3866,5,Excellent service.,2026-01-08
342,610,247,4070,5,Excellent service.,2025-03-04
343,611,18,5539,4,Very professional.,2025-02-18
344,612,489,4250,5,Skilled and polite worker.,2026-01-03
345,613,430,3192,4,Arrived on time and did a great job.,2025-11-27
346,615,423,427,4,Good quality work.,2025-11-19
347,618,404,5610,4,Arrived on time and did a great job.,2025-05-04
348,620,99,3062,4,Completed the work perfectly.,2025-04-14
349,622,335,4697,5,Good quality work.,2025-07-31
350,623,226,1784,5,Arrived on time and did a great job.,2025-03-19
351,624,390,4355,3,Completed the job with minor issues.,2025-05-31
352,626,167,5252,3,Work was satisfactory.,2025-01-14
353,628,289,376,1,Not satisfied with the quality.,2025-09-08
354,629,391,6070,5,Finished before the expected time.,2025-09-23
355,630,37,2330,5,Very professional.,2026-01-03
356,631,466,1939,5,Completed the work perfectly.,2025-01-19
357,633,10,6458,5,Skilled and polite worker.,2025-04-10
358,634,240,3684,3,Average experience.,2025-09-27
359,637,478,755,5,Skilled and polite worker.,2025-11-30
360,638,314,2313,4,Excellent service.,2025-08-08
361,641,325,5342,4,Skilled and polite worker.,2025-11-08
362,642,88,4120,4,Good quality work.,2025-11-14
363,647,265,6403,2,Poor communication.,2025-07-08
364,648,472,420,4,Will definitely hire again.,2025-07-30
365,650,79,473,2,Poor communication.,2025-07-31
366,651,391,3581,4,Highly recommended.,2025-02-21
367,653,8,3269,2,Poor communication.,2025-03-08
368,654,136,258,3,Could have been better.,2025-01-27
369,656,390,592,4,Will definitely hire again.,2025-05-12
370,658,354,3856,2,Work was delayed.,2025-04-21
371,659,51,1420,4,Good quality work.,2025-06-24
372,660,238,3121,4,Very professional.,2025-09-15
373,663,210,6413,2,Work was delayed.,2025-08-11
374,666,83,2682,3,Average experience.,2025-01-23
375,669,73,3628,4,Completed the work perfectly.,2025-06-01
376,670,100,2360,5,Skilled and polite worker.,2025-01-28
377,671,181,6226,5,Completed the work perfectly.,2025-04-13
378,672,248,981,5,Very professional.,2025-08-02
379,673,351,4390,5,Excellent service.,2025-03-10
380,674,296,3411,2,Work was delayed.,2025-10-05
381,678,129,4260,5,Highly recommended.,2025-10-03
382,680,262,4815,4,Arrived on time and did a great job.,2025-07-09
383,684,87,3177,2,Job was incomplete.,2025-01-30
384,685,216,5354,3,Good service overall.,2025-06-20
385,686,206,228,4,Skilled and polite worker.,2025-11-09
386,688,1,1686,4,Arrived on time and did a great job.,2025-02-15
387,689,131,4269,5,Arrived on time and did a great job.,2025-04-09
388,690,293,6099,4,Skilled and polite worker.,2025-02-26
389,691,394,4936,5,Good quality work.,2025-03-29
390,692,286,5499,4,Skilled and polite worker.,2025-12-21
391,694,347,3864,3,Average experience.,2025-03-12
392,696,141,6053,5,Will definitely hire again.,2025-01-06
393,697,140,1897,4,Arrived on time and did a great job.,2025-01-29
394,698,36,998,5,Very satisfied with the service.,2025-12-20
395,699,370,267,5,Will definitely hire again.,2025-02-25
396,700,93,4068,3,Average experience.,2025-05-14
397,702,158,3573,5,Highly recommended.,2025-12-27
398,703,252,4517,5,Excellent service.,2025-01-24
399,705,170,1224,3,Completed the job with minor issues.,2025-03-14
400,709,218,5595,5,Skilled and polite worker.,2025-04-02
401,710,163,271,4,Highly recommended.,2025-07-10
402,713,201,4879,3,Could have been better.,2025-09-17
403,714,215,1143,4,Very satisfied with the service.,2025-12-15
404,715,372,4064,3,Could have been better.,2025-12-06
405,716,388,3142,5,Will definitely hire again.,2025-09-01
406,717,404,1453,4,Finished before the expected time.,2025-08-25
407,718,268,5260,4,Arrived on time and did a great job.,2025-05-29
408,719,83,948,4,Very satisfied with the service.,2025-07-31
409,720,408,2388,3,Work was satisfactory.,2025-05-28
410,722,87,3731,2,Work was delayed.,2025-12-14
411,729,267,6246,4,Excellent service.,2025-05-03
412,730,85,2370,5,Good quality work.,2025-12-01
413,731,240,4119,4,Will definitely hire again.,2025-04-30
414,733,56,4697,5,Skilled and polite worker.,2025-02-11
415,735,196,3565,4,Completed the work perfectly.,2025-08-16
416,736,169,1592,4,Skilled and polite worker.,2025-11-01
417,737,367,3952,1,Work was delayed.,2025-01-25
418,740,241,5238,2,Job was incomplete.,2025-07-21
419,741,408,6303,1,Job was incomplete.,2025-09-09
420,742,12,5315,3,Good service overall.,2025-03-09
421,744,16,6035,1,Needs improvement.,2025-09-03
422,745,440,2898,2,Poor communication.,2025-10-28
423,746,215,2802,5,Arrived on time and did a great job.,2025-06-16
424,748,351,4229,3,Work was satisfactory.,2025-08-15
425,749,311,3766,5,Will definitely hire again.,2025-06-20
426,751,335,2494,5,Completed the work perfectly.,2025-03-11
427,753,437,2980,1,Job was incomplete.,2025-02-09
428,754,306,6437,4,Very professional.,2025-07-19
429,755,461,5409,3,Could have been better.,2025-05-26
430,756,88,3776,5,Very professional.,2025-09-09
431,757,60,3075,4,Good quality work.,2025-06-15
432,758,140,6158,5,Finished before the expected time.,2025-08-07
433,760,273,115,5,Highly recommended.,2025-08-31
434,763,499,310,2,Needs improvement.,2025-02-13
435,765,240,2898,3,Good service overall.,2025-07-04
436,766,218,2540,5,Highly recommended.,2025-03-24
437,767,209,921,5,Highly recommended.,2026-01-07
438,768,345,4991,2,Work was delayed.,2025-06-13
439,771,380,1188,1,Not satisfied with the quality.,2025-02-15
440,777,200,5707,3,Completed the job with minor issues.,2025-01-21
441,778,203,3708,4,Skilled and polite worker.,2025-03-28
442,779,305,3488,2,Poor communication.,2025-11-16
443,780,310,4773,3,Work was satisfactory.,2025-06-28
444,781,231,3534,3,Good service overall.,2025-03-07
445,782,157,2495,1,Poor communication.,2025-05-27
446,783,182,2146,2,Needs improvement.,2025-02-22
447,785,423,6381,3,Could have been better.,2025-02-27
448,786,466,6128,4,Finished before the expected time.,2025-01-10
449,788,337,3272,5,Good quality work.,2025-04-09
450,791,34,2102,4,Highly recommended.,2025-02-02
451,794,404,890,4,Will definitely hire again.,2025-12-03
452,795,400,2402,2,Needs improvement.,2025-09-21
453,797,61,4608,2,Job was incomplete.,2025-12-18
454,798,198,1048,1,Not satisfied with the quality.,2025-08-03
455,799,150,5907,3,Good service overall.,2025-11-03
456,801,428,4634,5,Skilled and polite worker.,2025-05-23
457,804,198,408,4,Arrived on time and did a great job.,2025-11-08
458,806,418,4601,4,Completed the work perfectly.,2025-02-10
459,808,116,5852,1,Not satisfied with the quality.,2025-10-26
460,809,182,2562,5,Excellent service.,2025-03-06
461,810,341,891,5,Arrived on time and did a great job.,2025-04-30
462,811,277,5896,4,Good quality work.,2025-12-24
463,813,485,1045,5,Will definitely hire again.,2025-04-24
464,814,313,5204,5,Finished before the expected time.,2025-09-20
465,817,351,557,5,Completed the work perfectly.,2025-11-29
466,818,364,10,5,Will definitely hire again.,2025-03-25
467,819,489,5608,5,Good quality work.,2025-01-13
468,820,363,5386,3,Average experience.,2025-06-09
469,821,463,5958,4,Very satisfied with the service.,2025-11-23
470,822,449,5110,3,Good service overall.,2025-04-18
471,824,33,564,5,Completed the work perfectly.,2025-12-15
472,825,198,4125,4,Very satisfied with the service.,2025-08-27
473,826,160,1995,5,Arrived on time and did a great job.,2025-03-13
474,829,143,4950,4,Skilled and polite worker.,2025-08-23
475,830,177,3701,5,Will definitely hire again.,2025-02-12
476,831,162,4086,3,Could have been better.,2025-12-02
477,832,92,1939,5,Excellent service.,2025-12-15
478,837,352,5939,4,Completed the work perfectly.,2025-08-26
479,838,499,4424,3,Completed the job with minor issues.,2025-06-04
480,839,469,4422,3,Good service overall.,2025-03-29
481,840,465,1163,1,Job was incomplete.,2025-09-11
482,841,272,1238,3,Could have been better.,2025-09-26
483,844,360,2916,2,Needs improvement.,2025-11-11
484,846,475,3200,3,Work was satisfactory.,2025-11-22
485,850,174,4957,3,Average experience.,2025-05-13
486,852,18,4795,5,Arrived on time and did a great job.,2025-01-06
487,854,270,557,4,Will definitely hire again.,2025-06-09
488,855,265,2336,1,Needs improvement.,2025-07-25
489,856,121,2494,5,Good quality work.,2025-02-22
490,861,206,2720,5,Finished before the expected time.,2025-09-12
491,862,333,4900,4,Highly recommended.,2025-11-05
492,864,488,1106,5,Good quality work.,2025-11-09
493,865,265,5473,3,Work was satisfactory.,2025-03-09
494,866,270,762,5,Completed the work perfectly.,2025-02-03
495,867,296,4065,5,Completed the work perfectly.,2025-09-12
496,869,456,2258,4,Skilled and polite worker.,2025-01-14
497,870,298,2077,4,Excellent service.,2025-01-25
498,871,410,3538,4,Arrived on time and did a great job.,2025-10-05
499,872,57,3047,4,Good quality work.,2025-09-26
500,874,78,742,5,Highly recommended.,2025-06-13
501,876,412,2218,3,Good service overall.,2025-03-24
502,877,5,4368,3,Average experience.,2025-08-05
503,878,439,6027,2,Work was delayed.,2025-09-28
504,879,58,3509,5,Very professional.,2025-10-20
505,880,17,307,4,Very satisfied with the service.,2025-09-07
506,882,33,6046,5,Finished before the expected time.,2025-10-11
507,883,272,2860,5,Arrived on time and did a great job.,2025-12-23
508,884,115,6449,4,Very satisfied with the service.,2025-06-03
509,887,187,5165,5,Excellent service.,2025-01-22
510,889,125,5998,5,Finished before the expected time.,2025-03-17
511,890,102,1351,5,Will definitely hire again.,2025-08-06
512,894,53,5655,2,Needs improvement.,2025-04-10
513,895,294,3866,3,Could have been better.,2025-06-04
514,896,291,5099,5,Excellent service.,2025-06-10
515,898,20,2067,5,Arrived on time and did a great job.,2025-09-16
516,899,241,2057,1,Poor communication.,2025-12-29
517,900,176,1371,5,Skilled and polite worker.,2025-06-19
518,901,31,1229,5,Good quality work.,2025-09-20
519,903,53,5389,4,Excellent service.,2025-08-12
520,907,390,5829,5,Skilled and polite worker.,2025-03-25
521,910,104,3573,4,Very satisfied with the service.,2025-05-11
522,911,225,2904,5,Good quality work.,2025-07-15
523,912,384,6322,5,Very professional.,2025-06-19
524,913,249,3081,3,Good service overall.,2025-10-11
525,914,95,1166,5,Highly recommended.,2025-10-08
526,915,136,1301,4,Arrived on time and did a great job.,2025-11-08
527,916,57,6261,5,Highly recommended.,2025-08-17
528,918,120,1087,5,Excellent service.,2025-05-17
529,921,197,27,4,Good quality work.,2025-12-27
530,923,305,2866,5,Completed the work perfectly.,2025-10-28
531,925,420,5523,4,Arrived on time and did a great job.,2025-08-17
532,929,165,1660,5,Very professional.,2025-07-10
533,932,316,1982,5,Very satisfied with the service.,2025-05-14
534,935,196,2633,3,Good service overall.,2025-03-27
535,936,176,2733,5,Highly recommended.,2025-06-09
536,937,480,5540,5,Arrived on time and did a great job.,2025-01-11
537,938,403,4053,3,Completed the job with minor issues.,2025-11-29
538,939,158,1729,1,Not satisfied with the quality.,2025-07-13
539,940,204,3179,4,Will definitely hire again.,2025-05-22
540,941,80,5146,5,Skilled and polite worker.,2025-01-09
541,945,51,2169,5,Arrived on time and did a great job.,2025-07-29
542,947,52,5963,5,Highly recommended.,2025-11-18
543,948,147,2077,1,Not satisfied with the quality.,2025-07-02
544,949,410,2554,3,Average experience.,2025-06-16
545,950,430,4270,3,Good service overall.,2025-04-06
546,951,213,1888,5,Finished before the expected time.,2025-10-10
547,952,11,4633,4,Highly recommended.,2026-01-04
548,953,301,236,4,Good quality work.,2025-02-26
549,955,146,1731,4,Very satisfied with the service.,2025-10-20
550,956,442,6247,4,Very satisfied with the service.,2025-10-18
551,963,405,3558,5,Very professional.,2025-05-18
552,964,237,3072,3,Work was satisfactory.,2025-08-24
553,966,306,1371,5,Arrived on time and did a great job.,2025-12-18
554,971,396,5582,5,Good quality work.,2025-05-16
555,972,443,1251,4,Good quality work.,2025-10-03
556,973,289,5546,5,Excellent service.,2025-02-02
557,975,455,2976,1,Poor communication.,2025-07-25
558,976,433,4674,2,Not satisfied with the quality.,2025-09-15
559,977,29,1830,1,Poor communication.,2025-06-16
560,978,417,6166,5,Completed the work perfectly.,2025-02-13
561,979,258,2932,3,Average experience.,2025-04-07
562,980,103,387,5,Skilled and polite worker.,2025-12-27
563,981,300,3751,4,Skilled and polite worker.,2025-11-04
564,983,342,882,5,Excellent service.,2025-01-22
565,984,85,3092,4,Excellent service.,2025-03-16
566,985,103,4657,4,Very satisfied with the service.,2025-07-31
567,986,21,536,5,Will definitely hire again.,2025-07-07
568,987,154,4006,5,Very professional.,2025-08-10
569,988,160,3401,4,Very professional.,2025-09-13
570,992,308,879,4,Skilled and polite worker.,2025-08-27
571,994,117,2412,5,Skilled and polite worker.,2025-05-15
572,995,20,5910,4,Will definitely hire again.,2025-12-08
573,998,208,1267,5,Good quality work.,2025-09-11
574,999,434,5634,2,Job was incomplete.,2025-04-02
575,1006,316,294,5,Very satisfied with the service.,2025-05-24
576,1008,300,4503,2,Poor communication.,2025-05-07
577,1009,10,1847,1,Not satisfied with the quality.,2025-01-07
578,1010,185,2293,5,Very professional.,2025-06-30
579,1012,93,3550,5,Will definitely hire again.,2025-10-18
580,1013,287,4232,3,Completed the job with minor issues.,2025-04-15
581,1014,481,208,4,Good quality work.,2025-04-16
582,1015,476,1362,4,Good quality work.,2025-07-02
583,1016,484,5766,2,Job was incomplete.,2025-01-16
584,1017,419,2182,4,Very professional.,2025-06-06
585,1019,183,4746,5,Very professional.,2025-05-15
586,1020,195,1168,5,Will definitely hire again.,2025-07-03
587,1022,135,1781,5,Will definitely hire again.,2025-03-30
588,1024,238,2172,4,Finished before the expected time.,2025-11-24
589,1026,31,3599,3,Work was satisfactory.,2025-05-11
590,1027,267,576,3,Could have been better.,2025-03-28
591,1028,117,5374,4,Very satisfied with the service.,2025-10-12
592,1029,105,3162,5,Good quality work.,2025-03-29
593,1030,369,6213,5,Good quality work.,2025-04-15
594,1032,76,846,3,Could have been better.,2025-04-04
595,1033,432,4932,5,Arrived on time and did a great job.,2025-12-12
596,1035,296,5853,5,Good quality work.,2025-02-19
597,1036,205,3148,4,Very professional.,2025-01-20
598,1037,205,2590,5,Excellent service.,2025-05-03
599,1038,6,4519,5,Good quality work.,2025-07-14
600,1039,117,2016,5,Highly recommended.,2025-08-30
601,1040,483,756,4,Will definitely hire again.,2025-08-07
602,1041,332,4602,5,Very professional.,2025-05-12
603,1043,342,1010,4,Finished before the expected time.,2025-12-06
604,1044,432,1940,5,Very professional.,2025-01-29
605,1045,175,4644,2,Not satisfied with the quality.,2025-01-28
606,1046,292,495,5,Will definitely hire again.,2025-05-09
607,1048,246,2999,5,Highly recommended.,2025-04-17
608,1051,110,42,5,Skilled and polite worker.,2025-03-27
609,1052,331,1594,5,Very satisfied with the service.,2025-06-20
610,1053,475,895,5,Very professional.,2025-12-12
611,1056,392,5769,2,Job was incomplete.,2025-10-13
612,1058,318,6114,2,Poor communication.,2025-06-20
613,1060,338,5003,3,Could have been better.,2025-03-23
614,1061,172,3143,5,Completed the work perfectly.,2025-12-24
615,1063,39,1156,5,Good quality work.,2025-12-10
616,1065,427,4998,4,Good quality work.,2025-06-28
617,1069,111,497,5,Completed the work perfectly.,2025-08-15
618,1070,249,1030,5,Good quality work.,2025-07-25
619,1071,458,1858,5,Finished before the expected time.,2025-02-27
620,1076,271,3771,5,Very satisfied with the service.,2025-07-31
621,1077,199,5304,5,Very satisfied with the service.,2025-07-02
622,1079,314,4575,4,Finished before the expected time.,2025-03-21
623,1081,439,5970,5,Completed the work perfectly.,2025-02-06
624,1082,478,2437,5,Skilled and polite worker.,2025-12-06
625,1083,499,2698,2,Job was incomplete.,2025-08-08
626,1084,122,341,4,Will definitely hire again.,2026-01-07
627,1086,314,2889,4,Very satisfied with the service.,2025-06-10
628,1089,410,6208,5,Highly recommended.,2025-08-11
629,1090,383,4078,4,Very satisfied with the service.,2026-01-04
630,1094,34,1310,5,Highly recommended.,2025-05-03
631,1097,166,721,5,Very professional.,2025-03-11
632,1098,82,753,1,Needs improvement.,2025-12-19
633,1100,83,4051,3,Good service overall.,2025-12-25
634,1101,443,5456,3,Work was satisfactory.,2025-12-08
635,1103,337,5124,4,Very professional.,2025-11-24
636,1104,223,4651,5,Arrived on time and did a great job.,2025-02-13
637,1105,139,4355,5,Will definitely hire again.,2025-07-02
638,1107,187,2352,3,Completed the job with minor issues.,2025-06-18
639,1109,451,1199,4,Arrived on time and did a great job.,2025-09-08
640,1110,6,6134,2,Job was incomplete.,2025-12-09
641,1112,180,5428,2,Job was incomplete.,2025-09-15
642,1117,351,5887,5,Good quality work.,2025-12-03
643,1118,205,1016,1,Job was incomplete.,2025-01-24
644,1123,173,810,5,Very satisfied with the service.,2025-12-22
645,1124,169,2308,1,Not satisfied with the quality.,2026-01-10
646,1125,277,3825,5,Arrived on time and did a great job.,2025-11-23
647,1126,361,29,5,Finished before the expected time.,2025-09-06
648,1130,465,2688,4,Arrived on time and did a great job.,2025-05-21
649,1132,423,1407,3,Completed the job with minor issues.,2025-10-31
650,1135,448,386,2,Not satisfied with the quality.,2025-08-12
651,1137,108,437,3,Good service overall.,2025-10-14
652,1138,217,5729,3,Work was satisfactory.,2025-11-11
653,1141,150,1340,4,Completed the work perfectly.,2025-06-28
654,1142,351,4162,4,Excellent service.,2025-01-27
655,1144,183,3917,5,Finished before the expected time.,2025-09-18
656,1146,330,80,5,Very satisfied with the service.,2025-10-21
657,1147,289,909,1,Work was delayed.,2025-03-26
658,1150,305,1073,3,Could have been better.,2025-04-27
659,1152,343,643,2,Poor communication.,2025-09-25
660,1153,370,1003,5,Finished before the expected time.,2025-05-11
661,1155,22,5660,5,Finished before the expected time.,2025-05-31
662,1159,43,2604,3,Average experience.,2025-01-28
663,1160,389,753,3,Good service overall.,2025-06-16
664,1162,127,5895,2,Job was incomplete.,2025-07-06
665,1164,295,4019,5,Will definitely hire again.,2025-02-10
666,1171,109,4150,4,Arrived on time and did a great job.,2025-04-23
667,1173,149,3411,2,Not satisfied with the quality.,2025-03-22
668,1174,292,3308,4,Excellent service.,2025-04-13
669,1176,310,2198,5,Very satisfied with the service.,2026-01-04
670,1178,312,6384,3,Good service overall.,2025-07-03
671,1179,153,5719,5,Good quality work.,2025-07-03
672,1181,62,2277,4,Highly recommended.,2025-05-19
673,1187,319,6356,4,Finished before the expected time.,2025-08-05
674,1188,4,4037,5,Completed the work perfectly.,2025-06-13
675,1189,17,6130,3,Could have been better.,2025-11-15
676,1190,380,738,4,Very professional.,2025-09-08
677,1192,376,1808,4,Very professional.,2025-11-06
678,1193,421,4095,4,Completed the work perfectly.,2025-09-10
679,1195,357,630,2,Needs improvement.,2025-10-08
680,1197,396,4487,2,Work was delayed.,2025-11-10
681,1198,309,5024,4,Very satisfied with the service.,2025-12-22
682,1199,245,4926,4,Very professional.,2026-01-03
683,1202,31,6452,1,Work was delayed.,2025-10-21
684,1208,406,2967,5,Very professional.,2025-10-26
685,1210,201,3193,4,Will definitely hire again.,2025-02-16
686,1211,119,5789,4,Will definitely hire again.,2025-04-15
687,1212,219,453,3,Work was satisfactory.,2025-10-06
688,1214,54,2239,3,Work was satisfactory.,2025-12-24
689,1218,414,64,3,Work was satisfactory.,2025-04-09
690,1219,249,5837,4,Skilled and polite worker.,2025-12-04
691,1222,87,2150,4,Very professional.,2025-06-01
692,1225,385,5918,4,Completed the work perfectly.,2025-05-16
693,1226,414,1406,5,Skilled and polite worker.,2025-08-03
694,1227,492,2619,4,Will definitely hire again.,2025-03-06
695,1228,267,370,4,Highly recommended.,2025-05-19
696,1229,86,3112,5,Highly recommended.,2025-01-17
697,1230,205,6148,3,Work was satisfactory.,2025-12-17
698,1233,154,2233,5,Arrived on time and did a great job.,2025-08-08
699,1235,472,5742,3,Good service overall.,2025-08-03
700,1236,335,4136,5,Will definitely hire again.,2025-10-31
701,1238,343,5857,2,Work was delayed.,2025-03-21
702,1239,446,4839,5,Very satisfied with the service.,2025-02-25
703,1240,147,4096,4,Finished before the expected time.,2025-09-08
704,1241,267,1007,4,Will definitely hire again.,2025-05-02
705,1242,194,2704,4,Highly recommended.,2025-05-15
706,1243,260,5534,5,Finished before the expected time.,2025-05-16
707,1245,458,1954,5,Very satisfied with the service.,2025-12-07
708,1247,16,1874,5,Finished before the expected time.,2025-03-05
709,1248,141,1347,2,Poor communication.,2025-09-13
710,1249,340,5358,5,Skilled and polite worker.,2025-10-31
711,1250,199,649,5,Skilled and polite worker.,2025-09-09
712,1251,30,6383,4,Excellent service.,2025-04-25
713,1255,275,3732,4,Completed the work perfectly.,2025-06-22
714,1257,214,5481,4,Completed the work perfectly.,2025-04-14
715,1258,116,4268,5,Completed the work perfectly.,2025-04-19
716,1260,76,4853,4,Excellent service.,2025-10-01
717,1262,76,4947,5,Will definitely hire again.,2025-01-25
718,1263,18,17,3,Average experience.,2025-04-11
719,1264,9,865,4,Good quality work.,2025-09-03
720,1266,212,3567,1,Not satisfied with the quality.,2025-07-07
721,1267,238,1724,5,Completed the work perfectly.,2025-10-17
722,1268,91,5538,2,Job was incomplete.,2025-03-19
723,1271,499,6418,4,Highly recommended.,2025-06-12
724,1272,153,1857,2,Job was incomplete.,2025-01-23
725,1274,22,2775,2,Needs improvement.,2025-10-14
726,1275,477,1859,4,Will definitely hire again.,2025-10-10
727,1282,313,3864,4,Good quality work.,2025-01-15
728,1284,486,6049,2,Not satisfied with the quality.,2026-01-04
729,1286,283,493,5,Highly recommended.,2025-10-02
730,1288,373,4830,2,Poor communication.,2025-03-19
731,1291,303,2630,5,Very satisfied with the service.,2025-05-12
732,1292,415,775,1,Work was delayed.,2025-11-05
733,1293,205,1853,4,Very professional.,2025-08-09
734,1294,500,4504,4,Skilled and polite worker.,2025-02-11
735,1295,452,3266,5,Arrived on time and did a great job.,2025-10-02
736,1298,230,447,1,Work was delayed.,2025-03-14
737,1299,489,4032,5,Finished before the expected time.,2025-08-03
738,1301,407,2586,3,Work was satisfactory.,2025-03-06
739,1303,74,2967,2,Not satisfied with the quality.,2025-03-05
740,1304,32,112,4,Excellent service.,2025-09-24
741,1305,395,187,1,Work was delayed.,2025-08-10
742,1307,155,3813,4,Arrived on time and did a great job.,2025-11-27
743,1308,241,2226,5,Very professional.,2025-03-16
744,1309,89,698,4,Will definitely hire again.,2025-08-29
745,1310,45,126,5,Will definitely hire again.,2025-12-24
746,1311,230,1964,5,Highly recommended.,2025-10-22
747,1312,285,346,4,Skilled and polite worker.,2025-07-09
748,1313,415,3456,4,Arrived on time and did a great job.,2025-09-21
749,1314,369,2527,2,Job was incomplete.,2025-05-28
750,1316,465,2812,1,Not satisfied with the quality.,2025-09-03
751,1317,214,2273,5,Highly recommended.,2025-12-09
752,1318,260,5282,1,Needs improvement.,2025-02-21
753,1319,155,6408,5,Highly recommended.,2025-04-16
754,1322,427,3752,3,Average experience.,2025-09-05
755,1323,198,590,5,Highly recommended.,2025-09-17
756,1325,235,697,4,Arrived on time and did a great job.,2025-02-19
757,1326,429,3286,5,Highly recommended.,2025-08-09
758,1327,426,264,4,Finished before the expected time.,2025-08-30
759,1328,304,975,4,Very satisfied with the service.,2025-11-19
760,1329,130,3781,4,Very professional.,2025-02-23
761,1330,403,5717,5,Highly recommended.,2025-05-18
762,1331,44,2992,4,Excellent service.,2026-01-06
763,1335,298,2373,1,Needs improvement.,2025-11-21
764,1337,82,5677,2,Needs improvement.,2025-09-25
765,1338,465,2472,5,Completed the work perfectly.,2025-06-03
766,1340,142,3186,3,Completed the job with minor issues.,2025-12-13
767,1341,238,1160,4,Highly recommended.,2025-06-05
768,1342,105,659,4,Completed the work perfectly.,2025-11-18
769,1343,179,4642,4,Will definitely hire again.,2025-05-25
770,1344,134,4349,4,Excellent service.,2025-03-13
771,1345,339,6099,5,Skilled and polite worker.,2025-06-02
772,1347,244,5121,4,Highly recommended.,2025-05-20
773,1349,94,6119,3,Average experience.,2025-05-01
774,1352,387,1024,4,Finished before the expected time.,2025-04-23
775,1353,128,3311,2,Not satisfied with the quality.,2025-02-03
776,1354,76,216,5,Arrived on time and did a great job.,2025-01-06
777,1355,65,2820,3,Good service overall.,2025-02-26
778,1356,442,4248,4,Completed the work perfectly.,2025-08-27
779,1357,325,1441,4,Arrived on time and did a great job.,2025-05-16
780,1359,30,3974,5,Skilled and polite worker.,2025-03-15
781,1360,245,409,3,Completed the job with minor issues.,2025-03-03
782,1364,111,1736,5,Very professional.,2025-07-20
783,1366,57,4969,3,Could have been better.,2025-12-29
784,1367,468,4214,3,Good service overall.,2025-10-05
785,1368,288,5973,5,Very satisfied with the service.,2025-03-06
786,1369,59,3691,5,Arrived on time and did a great job.,2025-04-08
787,1370,383,4713,3,Good service overall.,2025-01-13
788,1374,78,5911,3,Average experience.,2025-07-04
789,1375,82,711,4,Finished before the expected time.,2025-01-25
790,1376,310,1224,5,Very satisfied with the service.,2025-01-28
791,1377,325,198,3,Completed the job with minor issues.,2025-08-05
792,1379,466,3213,5,Very satisfied with the service.,2025-11-25
793,1380,301,3727,4,Very satisfied with the service.,2025-09-27
794,1382,159,4955,5,Excellent service.,2025-09-20
795,1383,411,1181,4,Will definitely hire again.,2025-03-29
796,1384,110,1048,5,Arrived on time and did a great job.,2025-04-07
797,1385,215,4008,5,Skilled and polite worker.,2025-09-20
798,1386,489,6238,5,Very professional.,2025-10-20
799,1388,133,2421,5,Completed the work perfectly.,2025-11-22
800,1389,101,6185,2,Job was incomplete.,2025-04-22
801,1391,428,2463,5,Highly recommended.,2025-09-03
802,1392,127,4148,4,Very satisfied with the service.,2025-02-03
803,1393,181,4202,4,Excellent service.,2025-02-24
804,1394,367,3785,3,Work was satisfactory.,2025-09-12
805,1395,56,2070,2,Work was delayed.,2025-08-08
806,1396,96,1863,5,Excellent service.,2025-11-13
807,1399,191,2457,5,Very professional.,2025-10-19
808,1400,204,2693,2,Job was incomplete.,2025-02-17
809,1402,498,1061,5,Arrived on time and did a great job.,2025-03-06
810,1403,188,767,5,Will definitely hire again.,2025-05-03
811,1404,151,1336,3,Average experience.,2025-01-25
812,1406,290,2995,5,Highly recommended.,2025-09-11
813,1407,266,1180,3,Average experience.,2025-04-23
814,1409,184,1473,4,Very professional.,2025-03-04
815,1412,348,4531,4,Skilled and polite worker.,2025-01-15
816,1413,112,3717,3,Good service overall.,2025-08-22
817,1414,460,4871,5,Very professional.,2025-04-23
818,1415,166,4544,4,Very satisfied with the service.,2025-12-28
819,1416,461,5250,3,Could have been better.,2025-02-08
820,1417,285,4785,4,Arrived on time and did a great job.,2025-09-28
821,1418,401,5437,5,Completed the work perfectly.,2025-08-31
822,1419,317,1094,4,Very satisfied with the service.,2025-05-13
823,1421,478,6171,4,Good quality work.,2025-03-13
824,1422,416,5566,4,Excellent service.,2025-04-28
825,1423,131,13,4,Highly recommended.,2025-04-02
826,1425,88,4851,4,Very satisfied with the service.,2025-04-30
827,1429,86,3150,2,Poor communication.,2025-06-23
828,1430,241,2412,3,Could have been better.,2025-08-21
829,1431,459,786,3,Work was satisfactory.,2025-04-22
830,1433,355,3075,5,Very professional.,2025-08-04
831,1435,47,5547,4,Very professional.,2025-05-23
832,1436,380,4910,4,Good quality work.,2025-05-29
833,1437,375,6218,3,Could have been better.,2025-06-19
834,1439,15,11,5,Finished before the expected time.,2025-09-27
835,1442,211,698,2,Not satisfied with the quality.,2025-06-28
836,1446,22,2932,3,Work was satisfactory.,2025-02-27
837,1447,201,5266,5,Very professional.,2026-01-04
838,1448,193,1454,3,Could have been better.,2025-10-17
839,1449,304,1053,4,Finished before the expected time.,2025-04-08
840,1450,242,1370,5,Excellent service.,2025-10-05
841,1451,160,88,4,Highly recommended.,2025-03-11
842,1452,159,1190,4,Finished before the expected time.,2025-09-18
843,1453,246,184,2,Poor communication.,2025-09-02
844,1454,45,2051,5,Finished before the expected time.,2025-01-30
845,1455,20,5746,1,Needs improvement.,2025-11-16
846,1456,90,5314,3,Average experience.,2025-09-24
847,1459,179,714,5,Very professional.,2025-07-03
848,1463,412,1602,4,Good quality work.,2025-09-14
849,1464,190,357,4,Finished before the expected time.,2025-01-25
850,1465,227,2171,3,Completed the job with minor issues.,2025-01-15
851,1467,440,807,4,Good quality work.,2025-08-01
852,1468,86,3220,4,Good quality work.,2025-05-03
853,1469,54,4952,1,Not satisfied with the quality.,2026-01-08
854,1470,454,1600,5,Very satisfied with the service.,2025-03-04
855,1472,62,4474,1,Needs improvement.,2025-12-28
856,1474,464,4239,5,Skilled and polite worker.,2025-04-12
857,1477,493,3249,4,Will definitely hire again.,2025-01-22
858,1478,36,4188,5,Very satisfied with the service.,2025-09-16
859,1479,391,4985,3,Work was satisfactory.,2025-02-03
860,1480,470,751,5,Finished before the expected time.,2025-08-13
861,1481,430,4719,5,Finished before the expected time.,2025-10-24
862,1482,394,5043,5,Very professional.,2025-05-30
863,1484,283,5484,3,Average experience.,2025-02-11
864,1486,473,941,5,Excellent service.,2025-12-08
865,1490,475,2389,4,Highly recommended.,2025-08-05
866,1491,379,159,4,Will definitely hire again.,2025-07-14
867,1494,345,4219,5,Will definitely hire again.,2025-09-15
868,1496,91,1559,5,Highly recommended.,2025-06-24
869,1498,159,5920,4,Arrived on time and did a great job.,2025-05-23
870,1501,455,2757,3,Work was satisfactory.,2025-12-31
871,1503,174,3068,3,Completed the job with minor issues.,2025-03-27
872,1504,109,1618,4,Excellent service.,2025-04-27
873,1505,469,3951,4,Very professional.,2025-05-11
874,1507,247,767,4,Will definitely hire again.,2025-03-10
875,1510,258,1253,5,Excellent service.,2025-01-12
876,1511,415,6063,5,Completed the work perfectly.,2025-09-30
877,1512,363,619,5,Skilled and polite worker.,2025-12-08
878,1515,320,2508,3,Work was satisfactory.,2026-01-08
879,1516,226,4106,5,Excellent service.,2025-07-22
880,1518,90,1740,5,Will definitely hire again.,2025-11-19
881,1519,262,981,1,Not satisfied with the quality.,2025-09-10
882,1521,35,944,2,Needs improvement.,2025-12-30
883,1523,494,448,4,Very satisfied with the service.,2025-11-19
884,1524,343,3218,5,Highly recommended.,2025-12-04
885,1527,71,2806,5,Very satisfied with the service.,2025-11-27
886,1528,35,4050,5,Skilled and polite worker.,2026-01-08
887,1531,76,4104,5,Skilled and polite worker.,2025-03-16
888,1532,454,2594,5,Completed the work perfectly.,2025-01-11
889,1533,147,3912,3,Average experience.,2025-09-23
890,1534,1,4271,4,Completed the work perfectly.,2025-05-13
891,1535,96,673,2,Work was delayed.,2025-06-09
892,1536,188,3008,2,Poor communication.,2025-08-04
893,1537,446,1596,3,Average experience.,2025-06-12
894,1539,7,5254,4,Finished before the expected time.,2025-07-31
895,1540,392,4075,5,Completed the work perfectly.,2025-01-18
896,1544,38,5291,4,Very satisfied with the service.,2025-08-23
897,1545,306,1924,5,Good quality work.,2025-02-10
898,1547,336,3283,4,Excellent service.,2025-04-13
899,1550,347,134,3,Average experience.,2025-09-12
900,1552,349,1844,5,Finished before the expected time.,2025-08-15
901,1553,203,3714,5,Excellent service.,2025-07-15
902,1555,195,5789,3,Work was satisfactory.,2025-06-14
903,1556,364,3547,1,Not satisfied with the quality.,2025-11-14
904,1558,241,4423,3,Completed the job with minor issues.,2025-09-24
905,1559,121,713,1,Work was delayed.,2025-04-22
906,1560,244,1351,4,Very satisfied with the service.,2025-01-12
907,1561,200,2172,5,Highly recommended.,2025-03-09
908,1563,385,471,3,Completed the job with minor issues.,2025-03-11
909,1564,95,3152,5,Very professional.,2025-10-09
910,1565,284,5529,4,Skilled and polite worker.,2025-06-19
911,1566,218,2765,4,Excellent service.,2025-01-09
912,1570,235,118,5,Skilled and polite worker.,2025-08-31
913,1571,53,5310,3,Work was satisfactory.,2025-05-30
914,1572,158,609,1,Needs improvement.,2025-02-16
915,1573,295,6027,4,Arrived on time and did a great job.,2026-01-09
916,1578,313,501,5,Finished before the expected time.,2025-12-17
917,1579,52,1755,4,Finished before the expected time.,2025-05-06
918,1581,313,6383,2,Job was incomplete.,2025-08-04
919,1583,15,1196,5,Very satisfied with the service.,2025-07-04
920,1585,491,1208,5,Excellent service.,2025-09-20
921,1586,274,2986,4,Very professional.,2025-06-18
922,1588,433,2745,3,Good service overall.,2025-01-31
923,1589,215,1674,4,Arrived on time and did a great job.,2025-10-30
924,1590,326,5449,2,Needs improvement.,2025-12-18
925,1591,19,2828,5,Completed the work perfectly.,2025-11-08
926,1592,33,949,3,Could have been better.,2025-08-15
927,1594,482,1010,5,Finished before the expected time.,2025-08-25
928,1596,288,5424,3,Average experience.,2025-01-23
929,1598,50,2330,4,Highly recommended.,2025-02-03
930,1601,358,2973,2,Job was incomplete.,2025-07-17
931,1602,180,5981,4,Very satisfied with the service.,2025-12-06
932,1604,473,1961,4,Will definitely hire again.,2025-09-27
933,1605,344,5782,5,Completed the work perfectly.,2025-10-05
934,1606,61,856,3,Work was satisfactory.,2025-09-30
935,1607,192,5595,5,Very satisfied with the service.,2025-04-15
936,1609,26,612,2,Not satisfied with the quality.,2025-12-19
937,1610,233,2902,4,Highly recommended.,2025-05-18
938,1612,64,5894,5,Very professional.,2025-04-17
939,1614,258,521,5,Completed the work perfectly.,2025-04-18
940,1615,226,2645,4,Very satisfied with the service.,2025-02-08
941,1616,242,2312,5,Very satisfied with the service.,2025-11-18
942,1617,358,4861,5,Arrived on time and did a great job.,2025-02-22
943,1618,48,2298,3,Could have been better.,2025-08-14
944,1619,54,6227,5,Highly recommended.,2025-10-16
945,1621,418,5968,5,Very professional.,2025-07-31
946,1623,297,4774,3,Work was satisfactory.,2025-10-11
947,1624,179,2078,4,Completed the work perfectly.,2025-08-06
948,1627,6,1525,4,Arrived on time and did a great job.,2025-10-01
949,1628,130,5496,4,Very professional.,2025-12-20
950,1630,108,4608,5,Excellent service.,2025-05-08
951,1631,442,3150,5,Completed the work perfectly.,2025-11-24
952,1632,276,1270,4,Highly recommended.,2025-09-27
953,1634,17,4284,5,Excellent service.,2025-12-28
954,1635,217,3173,4,Very professional.,2025-05-09
955,1636,29,6266,4,Very satisfied with the service.,2025-08-16
956,1637,173,3042,4,Skilled and polite worker.,2025-12-24
957,1638,495,1198,5,Good quality work.,2025-05-22
958,1639,470,3218,3,Good service overall.,2025-02-13
959,1641,496,4979,3,Average experience.,2025-10-02
960,1642,210,6029,2,Poor communication.,2025-03-14
961,1644,404,5557,5,Good quality work.,2025-10-01
962,1647,212,5720,5,Will definitely hire again.,2025-05-03
963,1649,147,6452,3,Work was satisfactory.,2025-10-18
964,1652,195,1400,4,Completed the work perfectly.,2025-10-14
965,1657,211,5950,5,Completed the work perfectly.,2025-04-24
966,1658,388,4014,2,Job was incomplete.,2025-01-13
967,1659,98,6395,3,Work was satisfactory.,2026-01-03
968,1660,254,3147,3,Average experience.,2025-10-26
969,1662,237,2529,4,Good quality work.,2025-02-27
970,1666,153,4056,4,Will definitely hire again.,2025-08-20
971,1670,116,1660,5,Very satisfied with the service.,2025-03-27
972,1671,62,5642,5,Arrived on time and did a great job.,2025-05-04
973,1672,141,4222,5,Highly recommended.,2025-04-02
974,1673,42,5243,5,Good quality work.,2025-03-22
975,1674,72,4445,5,Highly recommended.,2025-10-05
976,1676,203,3784,4,Arrived on time and did a great job.,2025-05-10
977,1677,216,3821,4,Arrived on time and did a great job.,2025-01-19
978,1680,129,1396,4,Will definitely hire again.,2025-03-29
979,1681,34,2100,5,Arrived on time and did a great job.,2025-11-17
980,1682,11,3613,2,Job was incomplete.,2025-01-22
981,1683,494,13,4,Excellent service.,2025-02-28
982,1684,486,855,4,Highly recommended.,2025-04-08
983,1686,446,3022,1,Needs improvement.,2025-03-22
984,1687,338,6355,1,Not satisfied with the quality.,2025-10-22
985,1688,487,5266,5,Very satisfied with the service.,2025-04-06
986,1689,194,82,5,Very satisfied with the service.,2025-09-11
987,1692,14,634,4,Skilled and polite worker.,2025-06-14
988,1694,398,35,4,Excellent service.,2025-09-30
989,1695,315,198,2,Poor communication.,2025-02-03
990,1696,386,3379,3,Average experience.,2025-09-29
991,1698,400,2339,1,Needs improvement.,2025-11-29
992,1703,205,3256,5,Will definitely hire again.,2025-06-15
993,1704,191,3103,1,Needs improvement.,2025-12-22
994,1706,236,5950,4,Very professional.,2025-05-13
995,1707,247,6338,3,Could have been better.,2025-10-31
996,1709,9,4931,5,Skilled and polite worker.,2025-12-06
997,1710,369,5119,5,Skilled and polite worker.,2026-01-02
998,1711,436,4729,4,Arrived on time and did a great job.,2025-02-02
999,1712,432,2135,5,Good quality work.,2025-12-06
1000,1713,442,3415,5,Skilled and polite worker.,2026-01-06
1001,1714,206,336,4,Finished before the expected time.,2025-01-26
1002,1715,106,2059,3,Average experience.,2025-03-26
1003,1716,211,4634,4,Arrived on time and did a great job.,2025-03-21
1004,1717,14,635,3,Good service overall.,2025-08-01
1005,1718,493,2142,3,Work was satisfactory.,2025-01-08
1006,1720,262,55,4,Finished before the expected time.,2025-11-10
1007,1721,283,1303,5,Arrived on time and did a great job.,2025-05-03
1008,1722,221,4760,5,Skilled and polite worker.,2025-01-08
1009,1723,500,3004,3,Good service overall.,2025-02-18
1010,1724,271,6283,5,Will definitely hire again.,2025-03-15
1011,1725,430,171,2,Job was incomplete.,2025-03-08
1012,1727,398,5803,5,Completed the work perfectly.,2025-03-28
1013,1728,300,3575,1,Poor communication.,2025-02-22
1014,1729,344,5199,5,Excellent service.,2025-04-18
1015,1730,321,5241,5,Good quality work.,2025-03-15
1016,1731,490,2988,4,Arrived on time and did a great job.,2025-01-26
1017,1733,336,1090,5,Very professional.,2025-09-05
1018,1734,362,2197,5,Highly recommended.,2025-08-14
1019,1735,461,2422,5,Very satisfied with the service.,2025-11-23
1020,1736,388,2201,5,Excellent service.,2025-11-12
1021,1737,486,2243,5,Excellent service.,2025-03-02
1022,1741,462,4456,5,Completed the work perfectly.,2025-11-21
1023,1743,467,2913,2,Work was delayed.,2025-09-16
1024,1744,117,3487,5,Highly recommended.,2025-09-19
1025,1745,50,5087,5,Skilled and polite worker.,2025-11-27
1026,1746,107,247,4,Completed the work perfectly.,2025-10-21
1027,1748,45,1493,2,Work was delayed.,2025-12-17
1028,1750,314,6041,5,Very satisfied with the service.,2025-05-01
1029,1752,353,2878,3,Could have been better.,2025-09-21
1030,1754,456,2550,5,Very satisfied with the service.,2025-07-31
1031,1755,187,3321,5,Will definitely hire again.,2025-05-09
1032,1757,134,5754,4,Very satisfied with the service.,2025-02-23
1033,1759,410,5387,4,Finished before the expected time.,2025-06-10
1034,1760,229,5371,2,Poor communication.,2025-05-07
1035,1762,336,1978,4,Will definitely hire again.,2025-02-12
1036,1763,80,4119,3,Completed the job with minor issues.,2025-07-05
1037,1766,134,234,3,Good service overall.,2025-01-11
1038,1767,67,465,4,Good quality work.,2025-12-12
1039,1768,378,5543,4,Excellent service.,2025-07-06
1040,1769,133,1597,4,Finished before the expected time.,2025-12-02
1041,1771,201,669,5,Finished before the expected time.,2025-03-13
1042,1772,352,1610,5,Completed the work perfectly.,2025-12-09
1043,1773,31,927,4,Arrived on time and did a great job.,2025-01-29
1044,1777,393,3395,4,Very satisfied with the service.,2025-12-27
1045,1778,488,4562,4,Good quality work.,2025-03-21
1046,1779,163,964,4,Will definitely hire again.,2025-07-18
1047,1780,447,275,1,Work was delayed.,2025-07-07
1048,1783,420,4211,5,Highly recommended.,2025-01-09
1049,1784,287,1984,4,Very satisfied with the service.,2025-08-29
1050,1785,249,4426,3,Work was satisfactory.,2025-01-15
1051,1787,98,116,4,Excellent service.,2025-10-02
1052,1788,376,1868,5,Arrived on time and did a great job.,2025-07-20
1053,1789,64,5117,3,Completed the job with minor issues.,2025-05-14
1054,1790,468,4631,3,Good service overall.,2025-10-25
1055,1792,23,3252,1,Poor communication.,2025-12-23
1056,1795,341,4227,5,Good quality work.,2025-05-25
1057,1796,3,2790,2,Poor communication.,2025-05-26
1058,1797,37,5342,5,Excellent service.,2025-12-13
1059,1798,327,1251,5,Completed the work perfectly.,2025-04-20
1060,1800,392,4092,5,Completed the work perfectly.,2025-03-18
1061,1801,399,5821,4,Arrived on time and did a great job.,2025-09-13
1062,1805,279,1003,4,Skilled and polite worker.,2025-09-04
1063,1806,457,4119,5,Very professional.,2025-09-13
1064,1807,232,4763,2,Needs improvement.,2025-12-16
1065,1809,341,3114,2,Not satisfied with the quality.,2025-02-10
1066,1810,66,2987,4,Will definitely hire again.,2025-11-09
1067,1812,188,4505,4,Very professional.,2025-01-18
1068,1814,261,4606,5,Excellent service.,2025-07-09
1069,1817,445,2116,4,Good quality work.,2025-01-24
1070,1819,162,398,5,Finished before the expected time.,2025-02-08
1071,1820,278,6016,5,Completed the work perfectly.,2025-03-21
1072,1821,82,5867,5,Finished before the expected time.,2025-04-11
1073,1822,130,2188,3,Good service overall.,2025-09-02
1074,1823,148,5485,3,Work was satisfactory.,2025-02-02
1075,1824,147,5672,3,Could have been better.,2025-11-08
1076,1826,103,3650,5,Arrived on time and did a great job.,2025-08-20
1077,1827,454,1018,4,Arrived on time and did a great job.,2025-07-22
1078,1828,25,2790,3,Could have been better.,2025-11-15
1079,1829,291,4381,2,Poor communication.,2025-12-08
1080,1830,189,2114,2,Needs improvement.,2025-01-26
1081,1831,108,3465,5,Completed the work perfectly.,2025-08-31
1082,1833,265,2598,3,Average experience.,2025-10-18
1083,1837,128,2773,4,Very professional.,2025-03-30
1084,1838,384,4448,4,Very professional.,2025-05-14
1085,1840,199,2354,3,Average experience.,2025-11-26
1086,1842,105,1863,5,Skilled and polite worker.,2025-10-19
1087,1844,202,3247,5,Completed the work perfectly.,2025-09-06
1088,1846,257,2591,3,Could have been better.,2025-06-25
1089,1848,281,626,4,Very satisfied with the service.,2025-09-05
1090,1849,307,1168,3,Work was satisfactory.,2025-09-22
1091,1851,434,5709,3,Completed the job with minor issues.,2025-11-12
1092,1852,117,2713,2,Needs improvement.,2025-07-29
1093,1853,333,5926,3,Could have been better.,2025-10-27
1094,1854,104,3895,3,Average experience.,2025-02-12
1095,1855,404,2891,5,Very satisfied with the service.,2025-10-26
1096,1857,359,6247,3,Good service overall.,2025-11-07
1097,1858,354,5469,5,Arrived on time and did a great job.,2025-06-07
1098,1861,65,3832,5,Finished before the expected time.,2025-06-11
1099,1863,27,3009,4,Excellent service.,2025-04-11
1100,1864,193,2583,2,Work was delayed.,2025-02-17
1101,1865,312,5963,3,Completed the job with minor issues.,2025-05-26
1102,1866,415,5530,2,Not satisfied with the quality.,2025-05-17
1103,1868,341,426,5,Arrived on time and did a great job.,2025-01-15
1104,1869,30,1410,5,Finished before the expected time.,2025-12-02
1105,1870,273,4291,4,Highly recommended.,2025-04-27
1106,1871,242,997,2,Poor communication.,2025-10-02
1107,1873,39,1341,3,Average experience.,2025-04-11
1108,1874,484,4269,5,Finished before the expected time.,2025-03-31
1109,1877,398,3735,3,Completed the job with minor issues.,2025-03-24
1110,1878,479,598,5,Excellent service.,2025-09-06
1111,1879,117,2996,5,Completed the work perfectly.,2025-05-08
1112,1880,389,3565,2,Work was delayed.,2025-12-26
1113,1882,189,4013,4,Skilled and polite worker.,2025-06-14
1114,1883,42,5341,2,Work was delayed.,2025-04-14
1115,1885,93,1879,4,Good quality work.,2025-04-29
1116,1889,231,1020,5,Excellent service.,2025-07-30
1117,1890,460,437,5,Very satisfied with the service.,2025-08-16
1118,1892,340,2610,4,Highly recommended.,2025-01-14
1119,1894,272,3499,5,Good quality work.,2025-10-03
1120,1895,302,2738,4,Very satisfied with the service.,2025-12-10
1121,1896,79,2715,5,Arrived on time and did a great job.,2025-10-28
1122,1897,387,5261,5,Very satisfied with the service.,2025-08-11
1123,1898,496,5230,2,Needs improvement.,2025-02-04
1124,1901,395,5153,5,Highly recommended.,2025-04-19
1125,1902,229,1141,5,Highly recommended.,2025-01-17
1126,1903,269,4399,4,Finished before the expected time.,2025-04-06
1127,1905,223,1397,5,Very satisfied with the service.,2025-06-09
1128,1906,191,3642,4,Excellent service.,2025-12-25
1129,1907,40,3059,4,Will definitely hire again.,2025-09-27
1130,1908,351,962,4,Very professional.,2025-12-23
1131,1910,441,721,1,Job was incomplete.,2025-04-19
1132,1912,354,5555,1,Needs improvement.,2025-04-13
1133,1914,102,1276,5,Arrived on time and did a great job.,2025-09-29
1134,1915,256,1682,5,Arrived on time and did a great job.,2025-06-17
1135,1916,414,2567,5,Finished before the expected time.,2025-10-24
1136,1917,487,5853,5,Will definitely hire again.,2025-05-25
1137,1921,277,542,3,Completed the job with minor issues.,2025-11-04
1138,1922,333,323,3,Good service overall.,2025-02-24
1139,1925,492,5480,1,Not satisfied with the quality.,2025-06-12
1140,1926,249,5512,4,Will definitely hire again.,2025-06-07
1141,1927,112,4465,5,Excellent service.,2025-02-01
1142,1928,54,244,3,Good service overall.,2025-05-12
1143,1929,337,6147,2,Needs improvement.,2025-05-27
1144,1930,172,5152,5,Very professional.,2025-08-24
1145,1932,278,5881,3,Average experience.,2025-10-11
1146,1933,435,3863,3,Average experience.,2025-07-25
1147,1934,482,4446,2,Work was delayed.,2025-06-30
1148,1935,342,4016,3,Good service overall.,2025-12-17
1149,1937,221,2703,5,Very professional.,2025-07-22
1150,1939,249,1346,5,Completed the work perfectly.,2025-05-18
1151,1940,98,6274,2,Job was incomplete.,2025-11-04
1152,1941,419,2150,5,Excellent service.,2025-12-22
1153,1942,405,4146,5,Finished before the expected time.,2025-04-05
1154,1944,139,2405,5,Highly recommended.,2025-11-14
1155,1947,264,859,5,Arrived on time and did a great job.,2025-11-24
1156,1952,252,674,5,Highly recommended.,2025-12-16
1157,1953,106,963,3,Could have been better.,2025-05-20
1158,1957,141,5104,3,Completed the job with minor issues.,2025-06-22
1159,1958,7,2322,1,Needs improvement.,2025-02-02
1160,1959,122,676,5,Excellent service.,2025-09-06
1161,1960,174,6172,5,Very satisfied with the service.,2025-12-14
1162,1961,473,5400,4,Good quality work.,2025-10-26
1163,1962,237,3657,4,Completed the work perfectly.,2025-03-31
1164,1965,276,6337,4,Finished before the expected time.,2025-02-26
1165,1967,206,680,4,Finished before the expected time.,2025-07-31
1166,1969,476,248,5,Highly recommended.,2025-06-14
1167,1970,161,1958,2,Work was delayed.,2025-12-05
1168,1971,360,465,4,Finished before the expected time.,2025-03-03
1169,1972,307,4688,5,Good quality work.,2025-07-26
1170,1974,346,3185,3,Work was satisfactory.,2025-07-22
1171,1975,44,4470,2,Job was incomplete.,2025-07-09
1172,1976,27,4376,3,Average experience.,2025-12-05
1173,1979,383,4211,2,Work was delayed.,2025-08-03
1174,1981,1,4897,5,Will definitely hire again.,2025-01-27
1175,1984,136,6307,3,Work was satisfactory.,2025-12-20
1176,1985,195,4543,2,Needs improvement.,2025-10-21
1177,1986,120,1899,4,Good quality work.,2025-09-10
1178,1988,428,4933,3,Average experience.,2025-03-05
1179,1989,192,218,5,Highly recommended.,2025-07-27
1180,1990,175,5080,5,Skilled and polite worker.,2025-07-23
1181,1991,285,4272,5,Excellent service.,2025-08-31
1182,1994,269,1905,1,Job was incomplete.,2025-05-29
1183,1995,296,2484,5,Arrived on time and did a great job.,2025-01-26
1184,1996,378,465,4,Excellent service.,2025-10-22
1185,1997,112,1151,5,Good quality work.,2025-04-13
1186,1998,442,816,4,Good quality work.,2025-12-05
